name,ticker_symbol,cik
BEAZER HOMES USA INC,BZH,915840
"AURASOURCE, INC.",ARAO,1083922
ARAMARK,ARMK,1584509
AMERICAN LORAIN CORP,ALN,1117057
AMERICA GREAT HEALTH,AAGH,1098009
ALMOST NEVER FILMS INC.,HLWD,1422768
AIM EXPLORATION INC.,AEXE,1545232
"ADVAXIS, INC.",ADXS,1100397
ADAMA TECHNOLOGIES CORP,ADAC,1422222
AUTOZONE INC,AZO,866787
ATMOS ENERGY CORP,ATO,731802
ASIA PROPERTIES INC,ASPZ,1070789
AS-IP TECH INC,IPTK,1067873
ARETE INDUSTRIES INC,ARET,820901
AMTECH SYSTEMS INC,ASYS,720500
AMCON DISTRIBUTING CO,DIT,928465
ALR TECHNOLOGIES INC.,ALRT,1087022
AECOM,ACM,868857
ACUITY BRANDS INC,AYI,1144215
"ESSA BANCORP, INC.",ESSA,1382230
EMERSON ELECTRIC CO,EMR,32604
ECOLOGY & ENVIRONMENT INC,EEI,809933
"DIGIPATH,INC.",DIGP,1502966
"DARKSTAR VENTURES, INC.",DAVC,1530163
DEXTERA SURGICAL INC,DXTRQ,1178104
DEERE & CO,DE,315189
DEEP WELL OIL & GAS INC,DWOG,869495
DATASEA INC.,DTSSD,1631282
DAILY JOURNAL CORP,DJCO,783412
"COMMUNITY FIRST BANCSHARES, INC.",CFBI,1691507
"CLEARFIELD, INC.",CLFD,796505
CITIZENS COMMUNITY BANCORP INC.,CZWI,1367859
"CAPITAL ART, INC.",CAPA,1527844
CSA HOLDINGS INC.,CSAX,1586988
COHERENT INC,COHR,21510
"CLOUDCOMMERCE, INC.",CLWD,743758
CIENA CORP,CIEN,936395
CHASE CORP,CCF,830524
CENTRAL GARDEN & PET CO,CENT,887733
CEMTREX INC,CETX,1435064
CALAVO GROWERS INC,CVGW,1133470
CABOT CORP,CBT,16040
"BRIDGELINE DIGITAL, INC.",BLIN,1378590
BLUE BIRD CORP,BLBD,1589526
"BESPOKE EXTRACTS, INC.",BSPK,1409197
BARREL ENERGY INC.,BRLL,1631463
"JRJR33, INC.",JRJR,1403085
JABIL INC,JBL,898293
"INTERLINK PLUS, INC.",ITRK,1643988
"INSPIRED ENTERTAINMENT, INC.",INSE,1615063
"INSPIRED BUILDERS, INC.",ISRB,1509786
INTL FCSTONE INC.,INTL,913760
INTERGROUP CORP,INTG,69422
INSTEEL INDUSTRIES INC,IIIN,764401
"IES HOLDINGS, INC.",IESC,1048268
IEC ELECTRONICS CORP,IEC,49728
"HILLENBRAND, INC.",HI,1417398
HYPERDYNAMICS CORP,HDYNQ,937136
"HRG GROUP, INC.",HRG,109177
HOLOGIC INC,HOLX,859737
HEICO CORP,HEI,46619
"GRAND PERFECTA, INC.",GPIW,1550053
"GOLDEN MATRIX GROUP, INC.",GMGI,1437925
"GULFSLOPE ENERGY, INC.",GSPE,1341726
GRIFFON CORP,GFF,50725
GEE GROUP INC.,JOB,40570
FREEDOM LEAF INC.,FRLF,1581545
FIRST SAVINGS FINANCIAL GROUP INC,FSFG,1435508
FAIRWIND ENERGY INC.,FWDR,1603345
FUSE ENTERPRISES INC.,FSNT,1636051
FAIR ISAAC CORP,FICO,814547
F5 NETWORKS INC,FFIV,1048695
"ETHOS MEDIA NETWORK, INC.",EOMN,1585738
"EPOXY, INC.",EPXY,1428816
PORTSMOUTH SQUARE INC,PRSI,79661
PLEXUS CORP,PLXS,785786
PHOTRONICS INC,PLAB,810136
PHI GROUP INC,PHIL,704172
PANHANDLE OIL & GAS INC,PHX,315131
PACIFIC WEBWORKS INC,PWEB,1086303
"ONCOBIOLOGICS, INC.",ONS,1649989
OSHKOSH CORP,OSK,775158
OPTICAL CABLE CORP,OCC,1000230
ONCOSEC MEDICAL INC,ONCS,1444307
NUKKLEUS INC.,NUKK,1592782
"NEXEO SOLUTIONS, INC.",NXEO,1604416
NORDSON CORP,NDSN,72331
MIRAGE ENERGY CORP,MRGE,1623360
"MESSAGEBGONE, INC.",MSSB,1655349
"MAGYAR BANCORP, INC.",MGYR,1337068
"MYND ANALYTICS, INC.",MYND,822370
MTS SYSTEMS CORP,MTSC,68709
"MODEL N, INC.",MODN,1118417
MICROSEMI CORP,MSCC,310568
MICRON TECHNOLOGY INC,MU,723125
MERITOR INC,MTOR,1113256
MAXIMUS INC,MMS,1032220
MARINEMAX INC,HZO,1057060
"MALVERN BANCORP, INC.",MLVF,1550603
"LUVU BRANDS, INC.",LUVU,1374567
LUBYS INC,LUB,16099
"LUBOA GROUP, INC.",LBAO,1586452
LINDSAY CORP,LNN,836157
"LEE ENTERPRISES, INC",LEE,58361
"KUSH BOTTLES, INC.",KSHB,1604627
"KELVIN MEDICAL, INC.",KVMD,1679836
"TRUPAL MEDIA, INC.",TRMM,1662706
TORO CO,TTC,737758
TOLL BROTHERS INC,TOL,794170
TIMBERLAND BANCORP INC,TSBK,1046050
TFS FINANCIAL CORP,TFSL,1381668
TETRA TECH INC,TTEK,831641
SUMMIT NETWORKS INC.,SNTW,1619096
"SPORT ENDURANCE, INC.",SENZ,1471727
"SMARTMETRIC, INC.",SMME,1301991
SIMLATUS CORP,SIML,1399306
"SHIFTPIXY, INC.",PIXY,1675634
SERVICE TEAM INC.,SVTE,1535635
SANTA FE GOLD CORP,SFEG,851726
SYNOPSYS INC,SNPS,883241
SURMODICS INC,SRDX,924717
STARBUCKS CORP,SBUX,829224
SPIRE INC,SR,1126956
SONIC CORP,SONC,868611
SIFCO INDUSTRIES INC,SIF,90168
SCHNITZER STEEL INDUSTRIES INC,SCHN,912603
"SAUER ENERGY, INC.",SENYD,1446152
SANMINA CORP,SANM,897723
SANDERSON FARMS INC,SAFM,812128
ROCKWELL COLLINS INC,COL,1137411
"REV GROUP, INC.",REVG,1687221
"POST HOLDINGS, INC.",POST,1530950
"PHOTOAMIGO, INC.",PHGO,1482554
"PERKINS OIL & GAS, INC.",OOIL,1567802
PENNANTPARK FLOATING RATE CAPITAL LTD.,PFLT,1504619
PURE CYCLE CORP,PCYO,276720
"PURE BIOSCIENCE, INC.",PURE,1006028
PROCYON CORP,PCYN,812306
ACME UNITED CORP,ACU,2098
"ACI WORLDWIDE, INC.",ACIW,935036
ACCO BRANDS CORP,ACCO,712034
ACCELERON PHARMA INC,XLRN,1280600
ABRAXAS PETROLEUM CORP,AXAS,867665
AARON'S INC,AAN,706688
"AAC HOLDINGS, INC.",AAC,1606180
"3DX INDUSTRIES, INC.",DDDX,1453122
3D SYSTEMS CORP,DDD,910638
"2U, INC.",TWOU,1459417
1ST SOURCE CORP,SRCE,34782
1ST CONSTITUTION BANCORP,FCCY,1141807
"BEBE STORES, INC.",BEBE,1059272
ZARTEX INC.,ZTRX,1684508
XSUNX INC,XSNX,1039466
"WOODWARD, INC.",WWD,108312
"WESTBURY BANCORP, INC.",WBBW,1553326
"WSI INDUSTRIES, INC.",WSCI,104897
WD 40 CO,WDFC,105132
"VERSUM MATERIALS, INC.",VSM,1660690
VAREX IMAGING CORP,VREX,1681622
VISUALANT INC,VSUL,1074828
VISA INC.,VSAT,1403161
"VERIFONE SYSTEMS, INC.",PAY,1312073
VALVOLINE INC,VVV,1674910
UNIFIRST CORP,UNF,717954
"TRACK GROUP, INC.",TRCK,1045942
AMEDISYS INC,AMED,896262
AMEDICA CORP,AMDA,1269026
AMBARELLA INC,AMBA,1280263
AMAZON COM INC,AMZN,1018724
"ALTRIA GROUP, INC.",MO,764180
ALLSTATE CORP,ALL,899051
ALLIANT ENERGY CORP,LNT,352541
ALLETE INC,ALE,66756
ALIMERA SCIENCES INC,ALIM,1267602
ALIGN TECHNOLOGY INC,ALGN,1097149
ALEXANDERS INC,ALX,3499
"ALBIREO PHARMA, INC.",ALBO,1322505
ALBEMARLE CORP,ALB,915913
"ALASKA AIR GROUP, INC.",ALK,766421
ALAMO GROUP INC,ALG,897077
AKORN INC,AKRX,3116
AK STEEL HOLDING CORP,AKS,918160
"AIT THERAPEUTICS, INC.",AITB,1641631
AIRGAIN INC,AIRG,1272842
AIR LEASE CORP,AL,1487712
AGREE REALTY CORP,ADC,917251
AGNC INVESTMENT CORP.,AGNC,1423689
AFLAC INC,AFL,4977
"AEROHIVE NETWORKS, INC",HIVE,1372414
AEROCENTURY CORP,ACY,1036848
"AEMETIS, INC",AMTX,738214
ADVANCED MICRO DEVICES INC,AMD,2488
"ADURO BIOTECH, INC.",ADRO,1435049
"ADOMANI, INC.",ADOM,1563568
ADOBE SYSTEMS INC,ADBE,796343
"ADMA BIOLOGICS, INC.",ADMA,1368514
ARQULE INC,ARQL,1019695
AROTECH CORP,ARTX,916529
ARMSTRONG WORLD INDUSTRIES INC,AWI,7431
ARES CAPITAL CORP,ARCC,1287750
"ARDELYX, INC.",ARDX,1437402
ARCH COAL INC,ARCH,1037676
"ARC GROUP, INC.",ARCK,1452872
ARADIGM CORP,ARDM,1013238
AQUANTIA CORP,AQ,1316016
AQUA AMERICA INC,WTR,78128
APTARGROUP INC,ATR,896622
APPFOLIO INC,APPF,1433195
APACHE CORP,APA,6769
"ANTARES PHARMA, INC.",ATRS,1016169
ANSYS INC,ANSS,1013462
ANDEAVOR LOGISTICS LP,ANDX,1507615
ANDEAVOR,ANDV,50104
ANAPTYSBIO INC,ANAB,1370053
AMPCO PITTSBURGH CORP,AP,6176
"AMKOR TECHNOLOGY, INC.",AMKR,1047127
AMES NATIONAL CORP,ATLO,1132651
AMERISAFE INC,AMSF,1018979
AMERICOLD REALTY TRUST,COLD,1455863
AMERICAN EXPRESS CO,AXP,4962
AMERICAN CRYOSTEM CORP,CRYO,1468679
ALCOA CORP,AA,1675149
AERKOMM INC.,AKOM,1590496
AEGION CORP,AEGN,353020
"ADVANCED DISPOSAL SERVICES, INC.",ADSW,1585790
ADVANSIX INC.,ASIX,1673985
ADDUS HOMECARE CORP,ADUS,1468328
ACUSHNET HOLDINGS CORP.,GOLF,1672013
ACHAOGEN INC,AKAO,1301501
ACER THERAPEUTICS INC.,ACER,1069308
ACCELERIZE INC.,ACLZ,1352952
ABBVIE INC.,ABBV,1551152
AXT INC,AXTI,1051627
"AXON ENTERPRISE, INC.",AAXN,1069183
AVON PRODUCTS INC,AVP,8868
AVISTA CORP,AVA,104918
"AVENUE THERAPEUTICS, INC.",ATXI,1644963
"AV HOMES, INC.",AVHI,39677
"AUTONATION, INC.",AN,350698
AUTOLIV INC,ALV,1034670
AUTODESK INC,ADSK,769397
ATRION CORP,ATRI,701288
ATLANTIC POWER CORP,AT,1419242
ATHENAHEALTH INC,ATHN,1131096
"ASV HOLDINGS, INC.",ASV,1690881
ASURE SOFTWARE INC,ASUR,884144
ASTRONICS CORP,ATRO,8063
ASSURANT INC,AIZ,1267238
ANTERO MIDSTREAM GP LP,AMGP,1623925
"ANGIOSOMA, INC.",SOAN,1502152
"ANDERSONS, INC.",ANDE,821026
AMPLIFY ENERGY CORP,AMPY,1521847
AMERIS BANCORP,ABCB,351569
AMERICAN OIL & GAS INC.,AOIX,1544400
"AMBER ROAD, INC.",AMBR,1314223
ALLY FINANCIAL INC.,ALLY,40729
BARNES GROUP INC,B,9984
BANK OF HAWAII CORP,BOH,46195
"BANC OF CALIFORNIA, INC.",BANC,1169770
BALL CORP,BLL,9389
BALCHEM CORP,BCPC,9326
BADGER METER INC,BMI,9092
"AXOGEN, INC.",AXGN,805928
AVINGER INC,AVGR,1506928
AVERY DENNISON CORP,AVY,8818
"AVANGRID, INC.",AGR,1634997
"AUTOWEB, INC.",AUTO,1023364
"ATRICURE, INC.",ATRC,1323885
ATOMERA INC,ATOM,1420520
"ATHENEX, INC.",ATNX,1300699
AT HOME GROUP INC.,HOME,1646228
ASHFORD INC.,AINC,1604738
"ARSANIS, INC.",ASNS,1501697
"ARMSTRONG FLOORING, INC.",AFI,1655075
"ARISTA NETWORKS, INC.",ANET,1596532
ARCONIC INC.,ARNC,4281
ARCIMOTO INC,FUV,1558583
"ARCHROCK, INC.",AROC,1389050
"AQUABOUNTY TECHNOLOGIES, INC.",AQB,1603978
"AQUA METALS, INC.",AQMS,1621832
APTEVO THERAPEUTICS INC.,APVO,1671584
"APOLLO ENDOSURGERY, INC.",APEN,1251769
"BUCKEYE PARTNERS, L.P.",BPL,805022
BRYN MAWR BANK CORP,BMTC,802681
BRUNSWICK CORP,BC,14930
BRUKER CORP,BRKR,1109354
"BROWN & BROWN, INC.",BRO,79282
"BROADWIND ENERGY, INC.",BWEN,1120370
BRIGHTCOVE INC,BCOV,1313275
BRIDGFORD FOODS CORP,BRID,14177
BP MIDSTREAM PARTNERS LP,BPMP,1708301
BOYD GAMING CORP,BYD,906553
BOVIE MEDICAL CORP,BVX,719135
BOSTON OMAHA CORP,BOMN,1494582
BORGWARNER INC,BWA,908255
BOINGO WIRELESS INC,WIFI,1169988
BOEING CO,BA,12927
"BLACKSTAR ENTERPRISE GROUP, INC.",BEGI,1483646
"BLACKLINE, INC.",BL,1666134
BLACKBAUD INC,BLKB,1280058
BIOTIME INC,BTX,876343
"BIOTELEMETRY, INC.",BEAT,1574774
"BIOLASE, INC",BIOL,811240
BIOCEPT INC,BIOC,1044378
BIG 5 SPORTING GOODS CORP,BGFV,1156388
"BG STAFFING, INC.",BGSF,1474903
BENCHMARK ELECTRONICS INC,BHE,863436
BEMIS CO INC,BMS,11199
BELDEN INC.,BDC,913142
CADIZ INC,CDZI,727273
CABOT OIL & GAS CORP,COG,858470
"BUSINESS FIRST BANCSHARES, INC.",BFST,1624322
"BURLINGTON STORES, INC.",BURL,1579298
"BONANZA CREEK ENERGY, INC.",BCEI,1509589
"BOJANGLES', INC.",BOJA,1630132
"BNET MEDIA GROUP, INC.",BNTT,1501268
BLUELINX HOLDINGS INC.,BXC,1301787
"BLOOMIN' BRANDS, INC.",BLMN,1546417
BLACKROCK INC.,BLK,1364742
"BLACK KNIGHT, INC.",BKI,1627014
BIOSOLAR INC,BSRC,1371128
"BIOSCRIP, INC.",BIOS,1014739
BIOAMBER INC.,BIOAQ,1534287
"BENEFITFOCUS,INC.",BNFT,1576169
"BANKUNITED, INC.",BKU,1504008
BANKFINANCIAL CORP,BFIN,1303942
"BANCORP 34, INC.",BCTF,1668340
CENTRUS ENERGY CORP,LEU,1065059
CENTRAL FEDERAL CORP,CFBK,1070680
CENTENE CORP,CNC,1071739
"CBTX, INC.",CBTX,1473844
"CBIZ, INC.",CBZ,944148
"CAVIUM, INC.",CAVM,1175609
CATERPILLAR INC,CAT,18230
"CATASYS, INC.",CATS,1136174
CARRIZO OIL & GAS INC,CRZO,1040593
CAREER EDUCATION CORP,CECO,1046568
"CARDAX, INC.",CDXI,1544238
CARBO CERAMICS INC,CRR,1009672
"CAPRICOR THERAPEUTICS, INC.",CAPR,1133869
CANCER CAPITAL CORP,CNCL,1130889
CAMDEN NATIONAL CORP,CAC,750686
"CALIX, INC",CALX,1406666
CLEVELAND-CLIFFS INC.,CLF,764065
"CLEANSPARK, INC.",CLSK,827876
CLEAN HARBORS INC,CLH,822818
"CKX LANDS, INC.",CKX,352955
CITY HOLDING CO,CHCO,726854
CITIZENS FIRST CORP,CZFC,1073475
CITIZENS & NORTHERN CORP,CZNC,810958
CITIGROUP INC,C,831001
CIT GROUP INC,CIT,1171825
CIPHERLOC CORP,CLOK,1022505
CINCINNATI BELL INC,CBB,716133
CIGNA CORP,CI,701221
CHURCHILL DOWNS INC,CHDN,20212
CHRISTOPHER & BANKS CORP,CBK,883943
CHINAWE COM INC,CHWE,1043222
CHIMERIX INC,CMRX,1117480
CHICOS FAS INC,CHS,897429
"CHIASMA, INC",CHMA,1339469
"CHF SOLUTIONS, INC.",CHFS,1506492
CHEVRON CORP,CVX,93410
CHESAPEAKE ENERGY CORP,CHK,895126
CHENIERE ENERGY INC,LNG,3570
CHEMED CORP,CHE,19584
"CHEGG, INC",CHGG,1364954
CHASE PACKAGING CORP,CPKA,1025771
CHART INDUSTRIES INC,GTLS,892553
CHARLES & COLVARD LTD,CTHR,1015155
CHANNELADVISOR CORP,ECOM,1169652
CERUS CORP,CERS,1020214
COLUMBIA SPORTSWEAR CO,COLM,1050797
COHEN & STEERS INC,CNS,1284812
COGNEX CORP,CGNX,851205
CODEXIS INC,CDXS,1200375
COCA COLA CO,KO,21344
CNX RESOURCES CORP,CNX,1070412
CNX MIDSTREAM PARTNERS LP,CNXM,1610418
CNA FINANCIAL CORP,CNA,21175
CMS ENERGY CORP,CMS,811156
CME GROUP INC.,CAMG,1156375
CRYOLIFE INC,CRY,784199
CROWN HOLDINGS INC,CCK,1219601
CROWN CASTLE INTERNATIONAL CORP,CCI,1051470
CROSS TIMBERS ROYALTY TRUST,CRT,881787
CREDITRISKMONITOR COM INC,CRMZ,315958
CREDEX CORP,CRDX,1432939
COVANTA HOLDING CORP,CVA,225648
COSTAR GROUP INC,CSGP,1057352
"CORELOGIC, INC.",CLGX,36047
COOPER TIRE & RUBBER CO,CTB,24491
CONVERGYS CORP,CVG,1062047
CONTROL4 CORP,CTRL,1259515
CONTRAFECT CORP,CFRX,1478069
CONTANGO OIL & GAS CO,MCF,1071993
CONSOL ENERGY INC.,CEIX,1710366
CONOCOPHILLIPS,COP,1163165
CONMED CORP,CNMD,816956
CONDUENT INC,CNDT,1677703
"COMSCORE, INC.",SCOR,1158172
"CAREDX, INC.",CDNA,1217234
CARE.COM INC,CRCM,1412270
"CARDLYTICS, INC.",CDLX,1666071
CARBONITE INC,CARB,1340127
CAPITOL INVESTMENT CORP. IV,CIC.U,1709682
"CALYXT, INC.",CLXT,1705843
CYTRX CORP,CYTR,799698
CYTOKINETICS INC,CYTK,1061983
"CYNERGISTEK, INC",CTEK,1011432
CYBEROPTICS CORP,CYBE,768411
CVS HEALTH CORP,CVS,64803
CVR ENERGY INC,CVI,1376139
"CV SCIENCES, INC.",CVSI,1510964
CUTERA INC,CUTR,1162461
CURTISS WRIGHT CORP,CW,26324
CURIS INC,CRIS,1108205
"CUR MEDIA, INC.",CURM,1556226
CUMULUS MEDIA INC,CMLSQ,1058623
CUMMINS INC,CMI,26172
CTI BIOPHARMA CORP,CTIC,891293
"COEUR MINING, INC.",CDE,215466
"COCRYSTAL PHARMA, INC.",COCP,1412486
"COASTWAY BANCORP, INC.",CWAY,1585023
"CO-DIAGNOSTICS, INC.",CODX,1692415
"CLOVIS ONCOLOGY, INC.",CLVS,1466301
CLEARWATER PAPER CORP,CLW,1441236
"CLEARTRONIC, INC.",CLRI,1362516
CLARUS CORP,CLAR,913277
"CITY OFFICE REIT, INC.",CIO,1593222
CHINA XD PLASTICS CO LTD,CXDC,1353970
"CHILDRENS PLACE, INC.",PLCE,1041859
CHESS SUPERSITE CORP,CHZP,1586554
"CHEFS' WAREHOUSE, INC.",CHEF,1517175
"CHAPARRAL ENERGY, INC.",CHPE,1346980
CENTERSTATE BANK CORP,CSFL,1102266
CELSION CORP,CLSN,749647
CELCUITY INC.,CELC,1603454
CASA SYSTEMS INC,CASA,1333835
"CARTESIAN, INC.",CRTN,1094814
DAVITA INC.,DVA,927066
DANA INC,DAN,26780
CYTOSORBENTS CORP,CTSO,1175151
CYRUSONE INC.,CONE,1553023
"CYPRESS ENERGY PARTNERS, L.P.",CELP,1587246
"CYBERFORT SOFTWARE, INC.",CYBFD,1522787
"CUSTOMERS BANCORP, INC.",CUBI,1488813
CUBESMART,CUBE,1298675
"CRYOPORT, INC.",CYRX,1124524
"CROCS, INC.",CROX,1334036
"CREXENDO, INC.",CXDO,1075736
COUPA SOFTWARE INC,COUP,1385867
"COUNTY BANCORP, INC.",ICBK,1470205
"CORINDUS VASCULAR ROBOTICS, INC.",CVRS,1528557
CORESITE REALTY CORP,COR,1490892
"CORECIVIC, INC.",CXW,1070985
CORMEDIX INC.,CRMD,1410098
CONFORMIS INC,CFMS,1305773
COMSTOCK MINING INC.,LODE,1120970
"COMMAND CENTER, INC.",CCNI,1140102
COLFAX CORP,CFX,1420800
DIGIMARC CORP,DMRC,1438231
"DERMIRA, INC.",DERM,1557883
DENALI THERAPEUTICS INC.,DNLI,1714899
"DEEP DOWN, INC.",DPDW,1110607
"DASEKE, INC.",DSKE,1642453
"DARE BIOSCIENCE, INC.",DARE,1401914
DYNEX CAPITAL INC,DX,826675
DURECT CORP,DRRX,1082038
"DUNKIN' BRANDS GROUP, INC.",DNKN,1357204
DUKE REALTY CORP,DRE,783280
DRIL-QUIP INC,DRQ,1042893
DOVER MOTORSPORTS INC,DVD,1017673
DOVER CORP,DOV,29905
"DORCHESTER MINERALS, L.P.",DMLP,1172358
DOMINOS PIZZA INC,DPZ,1286681
DOLLAR TREE INC,DLTR,935703
DOLLAR GENERAL CORP,DG,29534
DMC GLOBAL INC.,BOOM,34067
DIXIE GROUP INC,DXYN,29332
"DILLARD'S, INC.",DDS,28917
DIGIRAD CORP,DRAD,707388
"DHI GROUP, INC.",DHX,1393883
DEXCOM INC,DXCM,1093557
"DESTINATION XL GROUP, INC.",DXLG,813298
DEPOMED INC,DEPO,1005201
DENTSPLY SIRONA INC.,XRAY,818479
DENNYS CORP,DENN,852772
"ENVESTNET, INC.",ENV,1337619
ENTRAVISION COMMUNICATIONS CORP,EVC,1109116
ENTERPRISE PRODUCTS PARTNERS L P,EPD,1061219
ENTEGRIS INC,ENTG,1101302
"ENSIGN GROUP, INC",ENSG,1125376
ENGLOBAL CORP,ENG,933738
ENERGY FUELS INC,UUUU,1385849
ENERGEN CORP,EGN,277595
ENDOCYTE INC,ECYT,1235007
ENCORE WIRE CORP,WIRE,850460
ENCANA CORP,ECA,1157806
ENBRIDGE INC,ENB,895728
"EMERGENT CAPITAL, INC.",EMGC,1494448
EMCOR GROUP INC,EME,105634
EMAGIN CORP,EMAN,1046995
ELLIE MAE INC,ELLI,1122388
ELECTRO SENSORS INC,ELSE,351789
ECOLAB INC.,ECL,31462
ECHELON CORP,ELON,31347
EASTGATE BIOTECH CORP,ETBI,1099574
EAGLE BANCORP INC,EGBN,1050441
DUKE ENERGY CORP,DUK,1326160
DRIVE SHACK INC.,DS,1175483
DOWDUPONT INC.,DWDP,1666700
"DORMAN PRODUCTS, INC.",DORM,868780
DOMTAR CORP,UFS,1381531
ESCALADE INC,ESCA,33488
ERA GROUP INC.,ERA,1525221
EQUINIX INC,EQIX,1101239
"EQT GP HOLDINGS, LP",EQGP,1632933
EPR PROPERTIES,EPR,1045450
"EPAM SYSTEMS, INC.",EPAM,1352010
"ENERGY TRANSFER PARTNERS, L.P.",ETP,1161154
"ENERGY TRANSFER EQUITY, L.P.",ETE,1276187
"ENERGY RECOVERY, INC.",ERII,1421517
ENERGOUS CORP,WATT,1575793
ENCOMPASS HEALTH CORP,EHC,785161
"ENABLE MIDSTREAM PARTNERS, LP",ENBL,1591763
"EMPLOYERS HOLDINGS, INC.",EIG,1379041
EMERGE ENERGY SERVICES LP,EMES,1555177
"ELEVATE CREDIT, INC.",ELVT,1651094
"ELDORADO RESORTS, INC.",ERI,1590895
EGALET CORP,EGLT,1586105
"EDITAS MEDICINE, INC.",EDIT,1650664
ECHOSTAR CORP,SATS,1415404
EXXON MOBIL CORP,XOM,34088
EXPONENT INC,EXPO,851520
"EXICURE, INC.",EXCR,1698530
EXELON CORP,EXC,1109357
"EXELIXIS, INC.",EXEL,939767
EXCO RESOURCES INC,XCOOQ,316300
EXACT SCIENCES CORP,EXAS,1124140
"EVERTEC, INC.",EVTC,1559865
EVERSOURCE ENERGY,ES,72741
"EVERBRIDGE, INC.",EVBG,1437352
EVANS BANCORP INC,EVBN,842518
EVANS & SUTHERLAND COMPUTER CORP,ESCC,276283
EURONET WORLDWIDE INC,EEFT,1029199
ESSENDANT INC,ESND,355999
"FIRST HAWAIIAN, INC.",FHB,36377
FIRST CAPITAL INC,FCAP,1070296
"FINJAN HOLDINGS, INC.",FNJN,1366340
FIFTH THIRD BANCORP,FITB,35527
FIBROGEN INC,FGEN,921299
FBL FINANCIAL GROUP INC,FFG,1012771
FARMERS & MERCHANTS BANCORP INC,FMAO,792966
FARMERS & MERCHANTS BANCORP,FMCB,1085913
EXTERRAN CORP,EXTN,1635881
EXPRESS SCRIPTS HOLDING CO.,ESRX,1532063
"EXLSERVICE HOLDINGS, INC.",EXLS,1297989
"EXELA TECHNOLOGIES, INC.",XELA,1620179
"EXCEED WORLD, INC.",EXDW,1634293
"EVOLUS, INC.",EOLS,1570562
EVERI HOLDINGS INC.,EVRI,1318568
"EPIZYME, INC.",EPZM,1571498
"ENVIVA PARTNERS, LP",EVA,1592057
ENVISION HEALTHCARE CORP,EVHC,1678531
ENSERVCO CORP,ENSV,319458
FULTON FINANCIAL CORP,FULT,700564
FUELCELL ENERGY INC,FCEL,886128
"FUEL TECH, INC.",FTEK,846913
FTI CONSULTING INC,FCN,887936
"FS BANCORP, INC.",FSBW,1530249
"FRP HOLDINGS, INC.",FRPH,844059
FREEPORT-MCMORAN INC,FCX,831259
FRANKLIN ELECTRIC CO INC,FELE,38725
FORWARD AIR CORP,FWRD,912728
FORTINET INC,FTNT,1262039
FORMFACTOR INC,FORM,1039399
"FNCB BANCORP, INC.",FNCB,1035976
FLUOR CORP,FLR,1124198
FLUIDIGM CORP,FLDM,1162194
FLOWSERVE CORP,FLS,30625
FLOWERS FOODS INC,FLO,1128928
FLIR SYSTEMS INC,FLIR,354908
FLAGSTAR BANCORP INC,FBC,1033012
"FIVE BELOW, INC",FIVE,1177609
FITBIT INC,FIT,1447599
FISERV INC,FISV,798354
FIRSTENERGY CORP,FE,1031296
"FIRSTCASH, INC",FCFS,840489
"FIRST SOLAR, INC.",FSLR,1274494
EQUIFAX INC,EFX,33185
GENERAL CANNABIS CORP,CANN,1477009
GARTNER INC,IT,749251
"GARDNER DENVER HOLDINGS, INC.",GDI,1699150
GAP INC,GPS,39911
"G1 THERAPEUTICS, INC.",GTHX,1560241
FUNDTHATCOMPANY,FNTT,1658304
"FULGENT GENETICS, INC.",FLGT,1674930
"FRESHPET, INC.",FRPT,1611647
"FOSSIL GROUP, INC.",FOSL,883569
"FORTRESS BIOTECH, INC.",FBIO,1429260
FORTIVE CORP,FTV,1659166
"FORTERRA, INC.",FRTA,1678463
FORESTAR GROUP INC.,FOR,1406587
"FLEXSHOPPER, INC.",FPAY,1397047
"FLEX PHARMA, INC.",FLKS,1615219
"FIVE9, INC.",FIVN,1288847
FIRST INTERNET BANCORP,INBK,1562463
FIRST FOUNDATION INC.,FFWM,1413837
"FIREEYE, INC.",FEYE,1370880
EOG RESOURCES INC,EOG,821189
GREENHILL & CO INC,GHL,1282977
GREAT PLAINS ENERGY INC,GXP,1143068
GRCR PARTNERS INC,GRCR,1661600
GRAY TELEVISION INC,GTN,43196
GRANITE CONSTRUCTION INC,GVA,861459
GRACO INC,GGG,42888
GOODRICH PETROLEUM CORP,GDP,943861
GOLDMAN SACHS GROUP INC,GS,886982
GOLDFIELD CORP,GV,42316
GOLD RESOURCE CORP,GORO,1160791
GLYCOMIMETICS INC,GLYC,1253689
GLU MOBILE INC,GLUU,1366246
GLOBUS MEDICAL INC,GMED,1237831
GLOBAL PAYMENTS INC,GPN,1123360
GLOBAL PARTNERS LP,GLP,1323468
"GLOBAL BRASS & COPPER HOLDINGS, INC.",BRSS,1533526
GLAUKOS CORP,GKOS,1192448
GLADSTONE LAND CORP,LAND,1495240
GILEAD SCIENCES INC,GILD,882095
"GI DYNAMICS, INC.",GIDYL,1245791
GEO GROUP INC,GEO,923796
GENUINE PARTS CO,GPC,40987
GENTHERM INC,THRM,903129
GENTEX CORP,GNTX,355811
"ENPRO INDUSTRIES, INC",NPO,1164863
"GROUPON, INC.",GRPN,1490281
"GREEN BANCORP, INC.",GNBC,1606363
"GRANITE FALLS ENERGY, LLC",GFGY,1181749
"GOLDMAN SACHS BDC, INC.",GSBD,1572694
"GOPRO, INC.",GPRO,1500435
"GLOBALSTAR, INC.",GSAT,1366868
"GLOBAL NET LEASE, INC.",GNL,1526113
"GEOVAX LABS, INC.",GOVX,832489
"GENERAL MOLY, INC",GMO,1275229
"GENER8 MARITIME, INC.",GNRT,1443799
"GANNETT CO., INC.",GCI,1635718
GAMING PARTNERS INTERNATIONAL CORP,GPIC,918580
"GALENFEHA, INC.",GLFH,1574676
"GWG HOLDINGS, INC.",GWGH,1522690
GUESS INC,GES,912463
"GTJ REIT, INC.",GTTJ,1368757
"GT BIOPHARMA, INC.",GTBP,109657
GSE SYSTEMS INC,GVP,944480
EMPIRE RESORTS INC,NYNY,906780
HOPE BANCORP INC,HOPE,1128361
HOMEFED CORP,HOFD,833795
HOME DEPOT INC,HD,354950
"HOME BANCORP, INC.",HBCP,1436425
HMS HOLDINGS CORP,HMSY,1196501
HMN FINANCIAL INC,HMNF,921183
HISTOGENICS CORP,HSGX,1372299
HIP CUISINE INC.,HIPC,1654588
HIBBETT SPORTS INC,HIBB,1017480
HESS CORP,HES,4447
HESKA CORP,HSKA,1038133
"HERTZ GLOBAL HOLDINGS, INC",HTZ,1657853
HERC HOLDINGS INC,HRI,1364479
HENRY SCHEIN INC,HSIC,1000228
HEMISPHERX BIOPHARMA INC,HEB,946644
"HEAT BIOLOGICS, INC.",HTBX,1476963
HEARTLAND EXPRESS INC,HTLD,799233
HEALTHSTREAM INC,HSTM,1095565
HEALTHEQUITY INC,HQY,1428336
"HCP, INC.",HCP,765880
"HCI GROUP, INC.",HCI,1400810
"HCA HEALTHCARE, INC.",HCA,860730
"HC2 HOLDINGS, INC.",HCHC,1006837
HASBRO INC,HAS,46080
HARSCO CORP,HSC,45876
HARMONIC INC,HLIT,851310
HARLEY DAVIDSON INC,HOG,793952
HARDINGE INC,HDNG,313716
"HANGER, INC.",HNGR,722723
"HACKETT GROUP, INC.",HCKT,1057379
GUARANTY BANCORP,GBNK,1324410
EASTGROUP PROPERTIES INC,EGP,49600
HURON CONSULTING GROUP INC.,HURN,1289848
HUNTSMAN CORP,HUN,1307954
"HUDSON GLOBAL, INC.",HSON,1210708
HOWARD BANCORP INC,HBMD,1390162
HOUSTON WIRE & CABLE CO,HWCC,1356949
"HORTONWORKS, INC.",HDP,1610532
HORIZON GLOBAL CORP,HZN,1637655
"HOMESTREET, INC.",HMST,1518715
HOLLYFRONTIER CORP,HFC,48039
HILLTOP HOLDINGS INC.,HTH,1265131
"HIGHLANDS REIT, INC.",HHDS,1661458
"HIGHCOM GLOBAL SECURITY, INC.",HCGS,1102358
HERITAGE GLOBAL INC.,HGBL,849145
"HERCULES CAPITAL, INC.",HTGC,1280784
HER IMPORTS,HHER,1402453
"HELIX TCS, INC.",HLIX,1611277
HANESBRANDS INC.,HBI,1359841
HUMANA INC,HUM,49071
HUBSPOT INC,HUBS,1404655
HUBBELL INC,HUBB,48898
"HOST HOTELS & RESORTS, INC.",HST,1070750
"DINE BRANDS GLOBAL, INC.",DIN,49754
INVACARE CORP,IVC,742112
INTRUSION INC,INTZ,736012
INTREXON CORP,XON,1356090
INTEVAC INC,IVAC,1001902
INTEST CORP,INTT,1036262
INTERSECTIONS INC,INTX,1095277
INTERFACE INC,TILE,715787
INTER PARFUMS INC,IPAR,822663
INTELLIGENT SYSTEMS CORP,INS,320340
INTEL CORP,INTC,50863
INSULET CORP,PODD,1145197
INSTRUCTURE INC,INST,1355754
"INSPERITY, INC.",NSP,1000753
INSMED INC,INSM,1104506
INPIXON,INPX,1529113
INPHI CORP,IPHI,1160958
INNERWORKINGS INC,INWK,1350381
INFINERA CORP,INFN,1138639
INDUSTRIAL SERVICES OF AMERICA INC,IDSA,4187
INDEPENDENT BANK CORP,INDB,776901
INDEPENDENCE HOLDING CO,IHC,701869
INCYTE CORP,INCY,879169
IMPERVA INC,IMPV,1364962
IMMUNOGEN INC,IMGN,855654
IMMERSION CORP,IMMR,1058811
ILLUMINA INC,ILMN,1110803
"ILG, INC.",ILG,1434620
IKONICS CORP,IKNX,1083301
"ICONIX BRAND GROUP, INC.",ICON,857737
IBERIABANK CORP,IBKC,933141
DXP ENTERPRISES INC,DXPE,1020710
"J2 GLOBAL, INC.",JCOM,1084048
"J.E.M. CAPITAL, INC.",JEMC,1537528
IPSIDY INC.,IDTY,1534154
"INVUITY, INC.",IVTY,1393020
INVITAE CORP,NVTA,1501134
"INVESTORS BANCORP, INC.",ISBC,1594012
"INTREPID POTASH, INC.",IPI,1421461
"INTERSECT ENT, INC.",XENT,1271214
INTERNAP CORP,INAP,1056386
"INTERDIGITAL, INC.",IDCC,1405495
"INTELLICHECK, INC.",IDN,1040896
INTELGENX TECHNOLOGIES CORP.,IGXT,1098880
INTEGER HOLDINGS CORP,ITGR,1114483
"INSTALLED BUILDING PRODUCTS, INC.",IBP,1580905
"INSPIREMD, INC.",NSPR,1433607
INOGEN INC,INGN,1294133
"INNOVIVA, INC.",INVA,1080014
INGREDION INC,INGR,1046257
"INFRAREIT, INC.",HIFR,1506401
INFOSONICS CORP,IFON,1274032
"INDEPENDENT BANK GROUP, INC.",IBTX,1564618
INBIT CORP,INBT,1657803
"IDENTIV, INC.",INVE,1036044
ISTAR INC.,STAR,1095651
ISRAMCO INC,ISRL,719209
IROBOT CORP,IRBT,1159167
IRIDEX CORP,IRIX,1006045
IRADIMED CORP,IRMD,1325618
IQVIA HOLDINGS INC.,IQV,1478242
IPG PHOTONICS CORP,IPGP,1111928
IPASS INC,IPAS,1053374
ION GEOPHYSICAL CORP,IO,866609
"INVO BIOSCIENCE, INC.",IVOB,1417926
"DOUGLAS DYNAMICS, INC",PLOW,1287213
KB HOME,KBH,795266
KAPSTONE PAPER & PACKAGING CORP,KS,1325281
KAMAN CORP,KAMN,54381
KADANT INC,KAI,886346
JETPAY CORP,JTPY,1507986
"JASON INDUSTRIES, INC.",JASN,1579252
JAGGED PEAK ENERGY INC.,JAG,1685715
"JACKSONVILLE BANCORP, INC.",JXSB,1484949
JUNIPER NETWORKS INC,JNPR,1043604
JPMORGAN CHASE & CO,JPM,19617
JONES LANG LASALLE INC,JLL,1037976
JOHNSON & JOHNSON,JNJ,200406
"JELD-WEN HOLDING, INC.",JELD,1674335
"DIEBOLD NIXDORF, INC",DBD,28823
LEAR CORP,LEA,842162
"LEAP THERAPEUTICS, INC.",LPTX,1509745
LCI INDUSTRIES,LCII,763744
LAS VEGAS SANDS CORP,LVS,1300514
LANDSTAR SYSTEM INC,LSTR,853816
"LANDS' END, INC.",LE,799288
LAKELAND BANCORP INC,LBAI,846901
"L3 TECHNOLOGIES, INC.",LLL,1039101
"L BRANDS, INC.",LB,701985
"KURA ONCOLOGY, INC.",KURA,1422143
"KRYSTAL BIOTECH, INC.",KRYS,1711279
KRATON CORP,KRA,1321646
KOKOS GROUP INC.,KOKG,1687065
KNOWLES CORP,KN,1587523
"KEANE GROUP, INC.",FRAC,1688476
"KADMON HOLDINGS, INC.",KDMN,1557142
KRONOS WORLDWIDE INC,KRO,1257640
KOPIN CORP,KOPN,771266
KONA GRILL INC,KONA,1265572
KOHLS CORP,KSS,885639
KLX INC.,KLXI,1617898
KIRBY CORP,KEX,56047
"KINGOLD JEWELRY, INC.",KGJI,1089531
"KINDER MORGAN, INC.",KMI,1506307
KIMCO REALTY CORP,KIM,879101
KIMBERLY CLARK CORP,KMB,55785
KFORCE INC,KFRC,930420
KEYW HOLDING CORP,KEYW,1487101
"KEMPHARM, INC",KMPH,1434647
KEMPER CORP,KMPR,860748
"KCAP FINANCIAL, INC.",KCAP,1372807
DELUXE CORP,DLX,27996
LIPOCINE INC.,LPCN,1535955
"LENDINGTREE, INC.",TREE,1434621
LENDINGCLUB CORP,LC,1409970
"LAREDO PETROLEUM, INC.",LPI,1528129
LANDMARK INFRASTRUCTURE PARTNERS LP,LMRK,1615346
LUNA INNOVATIONS INC,LUNA,1239819
LUMINEX CORP,LMNX,1033905
LSB INDUSTRIES INC,LXU,60714
LORAL SPACE & COMMUNICATIONS INC.,LORL,1006269
LOEWS CORP,L,60086
LOCKHEED MARTIN CORP,LMT,936468
LIVEPERSON INC,LPSN,1102993
LIVE VENTURES INC,LIVE,1045742
"LINDBLAD EXPEDITIONS HOLDINGS, INC.",LIND,1512499
"LILIS ENERGY, INC.",LLEX,1437557
LIGHTBRIDGE CORP,LTBR,1084554
LIFEWAY FOODS INC,LWAY,814586
"LIFETIME BRANDS, INC",LCUT,874396
"LIFEPOINT HEALTH, INC.",LPNT,1301611
"LIFE STORAGE, INC.",LSI,944314
LGL GROUP INC,LGL,61004
LEXINGTON REALTY TRUST,LXP,910108
"DD'S DELUXE ROD HOLDER, INC.",DDLX,1643194
MERCURY GENERAL CORP,MCY,64996
MERCANTILE BANK CORP,MBWM,1042729
MERCADOLIBRE INC,MELI,1099590
"MEDNAX, INC.",MD,893949
MEDICINOVA INC,MNOV,1226616
MCDONALDS CORP,MCD,63908
MCCORMICK & CO INC,MKC,63754
MBIA INC,MBI,814585
MB BANCORP INC,MBCQ,1617291
MAXLINEAR INC,MXL,1288469
MATERION CORP,MTRN,1104657
MASTEC INC,MTZ,15615
MASIMO CORP,MASI,937556
MARTIN MIDSTREAM PARTNERS LP,MMLP,1176334
MARKEL CORP,MKL,1096343
MARINE PRODUCTS CORP,MPX,1129155
MARCUS CORP,MCS,62234
MARATHON OIL CORP,MRO,101778
MANNKIND CORP,MNKD,899460
MANNATECH INC,MTEX,1056358
MAGELLAN MIDSTREAM PARTNERS LP,MMP,1126975
MAGELLAN HEALTH INC,MGLN,19411
MACROGENICS INC,MGNX,1125345
MACATAWA BANK CORP,MCBC,1053584
M I HOMES INC,MHO,799292
"M I ACQUISITIONS, INC.",MACQ,1653558
LUTHER BURBANK CORP,LBC,1475348
"LOXO ONCOLOGY, INC.",LOXO,1581720
MADISON VENTURES INC.,MAVT,1575975
MYR GROUP INC.,MYRG,700923
MYOMO INC,MYO,1369290
MYMETICS CORP,MYMX,927761
MVB FINANCIAL CORP,MVBF,1277902
"MV PORTFOLIOS, INC.",MVPI,1363573
MV OIL TRUST,MVO,1371782
"MUSTANG BIO, INC.",MBIO,1680048
MTGE INVESTMENT CORP.,MTGE,1516973
MSB FINANCIAL CORP,MSBF,1635261
MSA SAFETY INC,MSA,66570
MRC GLOBAL INC.,MRC,1439095
MORGAN STANLEY,MS,895421
MONARCH CASINO & RESORT INC,MCRI,907242
MOLINA HEALTHCARE INC,MOH,1179929
"MOJO ORGANICS, INC.",MOJO,1414953
"MOBILEIRON, INC.",MOBL,1470099
MOBILE MINI INC,MINI,911109
MITEL NETWORKS CORP,MITL,1170534
"MIRAGEN THERAPEUTICS, INC.",MGEN,1590750
"MINDBODY, INC.",MB,1458962
MIDSOUTH BANCORP INC,MSL,745981
MIDDLEFIELD BANC CORP,MBCN,836147
MIDDLEBY CORP,MIDD,769520
"MICROVISION, INC.",MVIS,65770
MICROSTRATEGY INC,MSTR,1050446
MGP INGREDIENTS INC,MGPI,835011
MGIC INVESTMENT CORP,MTG,876437
MGE ENERGY INC,MGEE,1161728
"MFA FINANCIAL, INC.",MFA,1055160
DATA I/O CORP,DAIO,351998
NATIONAL HEALTHCARE CORP,NHC,1047335
"NASDAQ, INC.",NDAQ,1120193
NANOMETRICS INC,NANO,704532
"MY SIZE, INC.",MYSZ,1211805
MURPHY USA INC.,MUSA,1573516
"MOXIAN, INC.",MOXC,1516805
"MOTUS GI HOLDINGS, INC.",MOTS,1686850
"MORNINGSTAR, INC.",MORN,1289419
MONSTER BEVERAGE CORP,MNST,865752
"MOLECULIN BIOTECH, INC.",MBRX,1659617
"MOLECULAR TEMPLATES, INC.",MTEM,1183765
MOELIS & CO,MC,1596967
"MOBILESMITH, INC.",MOST,1113513
"MOSYS, INC.",MOSY,890394
"MISTRAS GROUP, INC.",MG,1436126
MERITAGE HOMES CORP,MTH,833079
"MERIDIAN BANCORP, INC.",EBSB,1600125
"MERCK & CO., INC.",MRK,310158
MERCHANTS BANCORP,MBIN,1629019
"MENTOR CAPITAL, INC.",MNTR,1599117
MENLO THERAPEUTICS INC.,MNLO,1566044
"MELROSE BANCORP, INC.",MELR,1600890
"MEDIXALL GROUP, INC.",MDXL,1601280
"MCORPCX, INC.",MCCX,1535079
MCEWEN MINING INC.,MUX,314203
MAX SOUND CORP,MAXD,1353499
MATTERSIGHT CORP,MATR,1094348
"MATSON, INC.",MATX,3453
"MATCH GROUP, INC.",MTCH,1575189
MASTERCARD INC,MA,1141391
"MASTECH DIGITAL, INC.",MHH,1437226
"MARCUS & MILLICHAP, INC.",MMI,1578732
"CUE BIOPHARMA, INC.",CUE,1645460
"NANOVIBRONIX, INC.",NAOV,1326706
NANOFLEX POWER CORP,OPVS,1571636
"NV5 GLOBAL, INC.",NVEE,1532961
NUVASIVE INC,NUVA,1142596
NUCOR CORP,NUE,73309
NTN BUZZTIME INC,NTN,748592
"NRG ENERGY, INC.",NRG,1013871
NOVAVAX INC,NVAX,1000694
NORTHWESTERN CORP,NWE,73088
NORTHRIM BANCORP INC,NRIM,1163370
NORTHERN TRUST CORP,NTRS,73124
"NORTHERN OIL & GAS, INC.",NOG,1104485
NORTECH SYSTEMS INC,NSYS,722313
NORFOLK SOUTHERN CORP,NSC,702165
NORDSTROM INC,JWN,72333
NOBLE ROMANS INC,NROM,709005
NOBILITY HOMES INC,NOBH,72205
NL INDUSTRIES INC,NL,72162
NII HOLDINGS INC,NIHD,1037016
NIC INC,EGOV,1065332
"NI HOLDINGS, INC.",NODK,1681206
NEXTERA ENERGY INC,NEE,753308
NEWMARKET CORP,NEU,1282637
"NEWMARK GROUP, INC.",NMRK,1690680
NEWLINK GENETICS CORP,NLNK,1126234
NEWELL BRANDS INC,NWL,814453
NEW ULM TELECOM INC,NULM,71557
NEVRO CORP,NVRO,1444380
"NETGEAR, INC",NTGR,1122904
NETFLIX INC,NFLX,1065280
NEPHROS INC,NEPH,1196298
NEOPHOTONICS CORP,NPTN,1227025
NEOGENOMICS INC,NEO,1077183
NBT BANCORP INC,NBTB,790359
NAVIGATORS GROUP INC,NAVG,793547
NAVIGANT CONSULTING INC,NCI,1019737
NAVIENT CORP,NAVI,1593538
"NAUTILUS, INC.",NLS,1078207
NATUS MEDICAL INC,BABY,878526
CORNERSTONE ONDEMAND INC,CSOD,1401680
OFS CAPITAL CORP,OFS,1487918
OFG BANCORP,OFG,1030469
OFFICE DEPOT INC,ODP,800240
OCWEN FINANCIAL CORP,OCN,873860
OCEAN BIO CHEM INC,OBCI,350737
OBALON THERAPEUTICS INC,OBLN,1427570
"NXSTAGE MEDICAL, INC.",NXTM,1333170
"NUSTAR GP HOLDINGS, LLC",NSH,1223786
"NULIFE SCIENCES, INC.",NULF,1592603
"NOVA LIFESTYLE, INC.",NVFY,1473334
"NORTHFIELD BANCORP, INC.",NFBK,1493225
"NEXTERA ENERGY PARTNERS, LP",NEP,1603145
"NEWGIOCO GROUP, INC.",NWGI,1080319
NEW HOME CO INC.,NWHM,1574596
"NEUROTROPE, INC.",NTRP,1513856
"NEUROMETRIX, INC.",NURO,1289850
"NEONODE, INC",NEON,87050
"NEMUS BIOSCIENCE, INC.",NMUS,1516551
NEENAH INC,NP,1296435
"NATIONAL CINEMEDIA, INC.",NCMI,1377630
"NATERA, INC.",NTRA,1604821
"NANTKWEST, INC.",NK,1326110
COHEN & CO INC.,COHN,1270436
PACCAR INC,PCAR,75362
OWENS CORNING,OC,1370946
OVID THERAPEUTICS INC.,OVID,1636651
OTTER TAIL CORP,OTTR,1466593
OTTAWA BANCORP INC,OTTW,1675192
ORGENESIS INC.,ORGS,1460602
"OPTIMUMBANK HOLDINGS, INC.",OPHC,1288855
OPTIMIZERX CORP,OPRXD,1448431
"OPTINOSE, INC.",OPTN,1494650
"OPKO HEALTH, INC.",OPK,944809
ONE MADISON CORP,OMAD.U,1712463
"ONCOLIX, INC.",ONCX,1584137
"ON DECK CAPITAL, INC.",ONDK,1420811
"OMEGA FLEX, INC.",OFLX,1317945
"ODONATE THERAPEUTICS, INC.",ODT,1717452
OASIS PETROLEUM INC.,OAS,1486159
"OVERSTOCK.COM, INC",OSTK,1130713
OUTFRONT MEDIA INC.,OUT,1579877
"OTONOMY, INC.",OTIC,1493566
ORTHOPEDIATRICS CORP,KIDS,1425450
"ORBITAL ATK, INC.",OA,866121
ORBCOMM INC.,ORBC,1361983
ORAGENICS INC,OGEN,1174940
OPGEN INC,OPGN,1293818
"ONE GAS, INC.",OGS,1587732
"OMPHALOS, CORP",OMPS,1103640
OMNOVA SOLUTIONS INC,OMN,1090061
OMNICOM GROUP INC.,OMC,29989
"OMNICELL, INC",OMCL,926326
OMEROS CORP,OMER,1285819
OLYMPIC STEEL INC,ZEUS,917470
OLIN CORP,OLN,74303
OLD LINE BANCSHARES INC,OLBK,1253317
CLIPPER REALTY INC.,CLPR,1649096
POPULAR INC,BPOP,763901
POLYONE CORP,POL,1122976
PNM RESOURCES INC,PNM,1108426
PLX PHARMA INC.,PLXP,1497504
PLUMAS BANCORP,PLBC,1168455
PLUG POWER INC,PLUG,1093691
PJT PARTNERS INC.,PJT,1626115
"PIXELWORKS, INC",PXLW,1040161
PINNACLE FOODS INC.,PF,1564822
PHILLIPS 66 PARTNERS LP,PSXP,1572910
"PGT INNOVATIONS, INC.",PGTI,1354327
PFSWEB INC,PFSW,1095315
PFIZER INC,PFE,78003
PETROQUEST ENERGY INC,PQUE,872248
PERKINELMER INC,PKI,31791
PERFICIENT INC,PRFT,1085869
PENN VIRGINIA CORP,PVAC,77159
PEGASYSTEMS INC,PEGA,1013857
PEDEVCO CORP,PED,1141197
PEABODY ENERGY CORP,BTU,1064728
"PDL BIOPHARMA, INC.",PDLI,882104
PDF SOLUTIONS INC,PDFS,1120914
"PCM, INC.",PCMI,937941
PC TEL INC,PCTI,1057083
PC CONNECTION INC,CNXN,1050377
PAVMED INC.,PAVM,1624326
PATTERSON UTI ENERGY INC,PTEN,889900
"PASSUR AEROSPACE, INC.",PSSR,225628
"PARKE BANCORP, INC.",PKBK,1315399
PARETEUM CORP,TEUM,1084384
PAR TECHNOLOGY CORP,PAR,708821
"CHEMOCENTRYX, INC.",CCXI,1340652
"PHARMA-BIO SERV, INC.",PBSV,1304161
PFENEX INC.,PFNX,1478121
"PETROGRESS, INC.",PGAS,1558465
PENUMBRA INC,PEN,1321732
PENDRELL CORP,PCOA,1359555
"PAYCOM SOFTWARE, INC.",PAYC,1590955
"PAYPAL HOLDINGS, INC.",PYPL,1633917
"PATHFINDER BANCORP, INC.",PBHC,1609065
PARK HOTELS & RESORTS INC.,PK,1617406
"PARAMOUNT GROUP, INC.",PGRE,1605607
"PANDORA MEDIA, INC.",P,1230276
"PACIFIC ETHANOL, INC.",PEIX,778164
PSYCHEMEDICS CORP,PMD,806517
PROOFPOINT INC,PFPT,1212458
PROFIRE ENERGY INC,PFIE,1289636
PROASSURANCE CORP,PRA,1127703
"PRGX GLOBAL, INC.",PRGX,1007330
PRESTIGE CAPITAL CORP,PGEC,790179
PRAXAIR INC,PX,884905
PRA GROUP INC,PRAA,1185348
PQ GROUP HOLDINGS INC.,PQG,1708035
PPG INDUSTRIES INC,PPG,79879
RAVEN INDUSTRIES INC,RAVN,82166
RANGE RESOURCES CORP,RRC,315852
RAMBUS INC,RMBS,917273
RADISYS CORP,RSYS,873044
RADIAN GROUP INC,RDN,890926
QUORUM HEALTH CORP,QHC,1650445
QUANTERIX CORP,QTRX,1503274
"QUAD/GRAPHICS, INC.",QUAD,1481792
QUANTA SERVICES INC,PWR,1050915
"QUALYS, INC.",QLYS,1107843
QUALSTAR CORP,QBAK,758938
QNB CORP,QNBC,750558
QCR HOLDINGS INC,QCRH,906465
"Q2 HOLDINGS, INC.",QTWO,1410384
Q BIOMED INC.,QBIO,1596062
PUREBASE CORP,PUBC,1575858
"PULSE NETWORK, INC.",TPNI,1521013
"PULMATRIX, INC.",PULM,1574235
"PROVIDENT BANCORP, INC.",PVBC,1635840
"PROTOKINETIX, INC.",PKTX,1128189
PROTO LABS INC,PRLB,1443669
"PROPEL MEDIA, INC.",PROM,1622822
"PROLOGIS, INC.",PLD,1045609
PRIMO WATER CORP,PRMW,1365101
"PRIMERICA, INC.",PRI,1475922
POWER REIT,PW,1532619
"PORTER BANCORP, INC.",PBIB,1358356
PLAYA HOTELS & RESORTS N.V.,PLYA,1692412
"PLAYAGS, INC.",AGS,1593548
"CARTER VALIDUS MISSION CRITICAL REIT, INC.",CZMR,1482974
RYDER SYSTEM INC,R,85961
"RTI SURGICAL, INC.",RTIX,1100441
"RSP PERMIAN, INC.",RSPP,1588216
RPX CORP,RPXC,1509432
RPC INC,RES,742278
ROSETTA STONE INC,RST,1351285
ROLLINS INC,ROL,84839
ROGERS CORP,ROG,84748
"ROCKWELL MEDICAL, INC.",RMTI,1041024
"RING ENERGY, INC.",REI,1384195
REPLIGEN CORP,RGEN,730272
RENASANT CORP,RNST,715072
RELM WIRELESS CORP,RWC,2186
RELIABILITY INC,RLBY,34285
REGENXBIO INC.,RGNX,1590877
REGENCY CENTERS CORP,REG,910606
REGAL BELOIT CORP,RBC,82811
REDWOOD TRUST INC,RWT,930236
RED ROBIN GOURMET BURGERS INC,RRGB,1171759
REALTY INCOME CORP,O,726728
REALPAGE INC,RP,1286225
RCM TECHNOLOGIES INC,RCMT,700841
RBB BANCORP,RBB,1499422
SCANA CORP,SCG,754737
"SBT BANCORP, INC.",SBTB,1354174
SAUL CENTERS INC,BFS,907254
"SANUWAVE HEALTH, INC.",SNWV,1417663
SANDY SPRING BANCORP INC,SASR,824410
SANDSTON CORP,SDON,892832
SALESFORCE COM INC,CRM,1108524
RYERSON HOLDING CORP,RYI,1481582
"ROAD MARSHALL, INC.",RDMR,1657249
RIVER FINANCIAL CORP,RVRF,1641601
"RIMINI STREET, INC.",RMNI,1635282
"RIGNET, INC.",RNET,1162112
"RETROPHIN, INC.",RTRX,1438533
"RESTORATION ROBOTICS, INC.",HAIR,1409269
RESTAURANT BRANDS INTERNATIONAL INC.,QSR,1618756
RESONANT INC,RESN,1579910
RESOLUTE ENERGY CORP,REN,1469510
"RENOVACARE, INC.",RCAR,1016708
"RELIANT BANCORP, INC.",RBNC,1606440
"REGENICIN, INC.",RGIN,1412659
REGEN BIOPHARMA INC,RGBP,1589150
REDFIN CORP,RDFN,1382821
"RECRO PHARMA, INC.",REPH,1588972
"RAPID7, INC.",RPD,1560327
"RANDOLPH BANCORP, INC.",RNDB,1667161
"RADIUS HEALTH, INC.",RDUS,1428522
"RADNET, INC.",RDNT,790526
CARS.COM INC.,CARS,1683606
SMITH MICRO SOFTWARE INC,SMSI,948708
SMARTFINANCIAL INC.,SMBK,1038773
SL GREEN REALTY CORP,SLG,1040971
SKYWEST INC,SKYW,793733
SKINVISIBLE INC,SKVI,1085277
SJW GROUP,SJW,766829
SHUTTERFLY INC,SFLY,1125920
"SHOTSPOTTER, INC",SSTI,1351636
SHORE BANCSHARES INC,SHBI,1035092
"SG BLOCKS, INC.",SGBX,1023994
SEVERN BANCORP INC,SVBI,868271
SENOMYX INC,SNMX,1123979
SEMTECH CORP,SMTC,88941
SEMPRA ENERGY,SRE,1032208
"SELECT BANCORP, INC.",SLCT,1263762
SECURITY FEDERAL CORP,SFDL,818677
SEARS HOLDINGS CORP,SHLD,1310067
SCYNEXIS INC,SCYX,1178253
SCIENTIFIC ENERGY INC,SCGY,1276531
"CARETRUST REIT, INC.",CTRE,1590717
"STR HOLDINGS, INC.",STRI,1473597
STORE CAPITAL CORP,STOR,1538990
STONERIDGE INC,SRI,1043337
STIFEL FINANCIAL CORP,SF,720672
STERLING CONSTRUCTION CO INC,STRL,874238
STERLING BANCORP,STL,1070154
STEPAN CO,SCL,94049
STEEL DYNAMICS INC,STLD,1022671
STATE STREET CORP,STT,93751
"STANLEY BLACK & DECKER, INC.",SWK,93556
STAMPS.COM INC,STMP,1082923
SRC ENERGY INC.,SRCI,1413507
SPLUNK INC,SPLK,1353283
SPHERIX INC,SPEX,12239
SPARTAN MOTORS INC,SPAR,743238
SP PLUS CORP,SP,1059262
SOUTHERN CO,SO,92122
SOUTH STATE CORP,SSB,764038
SOTHEBYS,BID,823094
"SOLIGENIX, INC.",SNGX,812796
SOHU COM INC,SOHU,1104188
"SOCKET MOBILE, INC.",SCKT,944075
SNAP-ON INC,SNA,91440
"CABLE ONE, INC.",CABO,1632127
"SENDGRID, INC.",SEND,1477425
"SECTOR 5, INC.",SFIV,1550737
SAVARA INC,SVRA,1160308
SANCHEZ MIDSTREAM PARTNERS LP,SNMP,1362705
"SAFETY, INCOME & GROWTH, INC.",SAFE,1688852
SABRE CORP,SABR,1597033
SYSTEMAX INC,SYX,945114
SYPRIS SOLUTIONS INC,SYPR,864240
SYNTEL INC,SYNT,1040426
SYNNEX CORP,SNX,1177394
"SYNLOGIC, INC.",SYBX,1527599
SYNALLOY CORP,SYNL,95953
SVB FINANCIAL GROUP,SIVB,719739
SURGE COMPONENTS INC,SPRS,747540
"SUNVESTA, INC.",SVSA,1060409
SUNTRUST BANKS INC,STI,750556
SUNPOWER CORP,SPWR,867773
SUN HYDRAULICS CORP,SNHY,1024795
CVB FINANCIAL CORP,CVBF,354647
SUNOPTA INC.,STKL,351834
"SUN BIOPHARMA, INC.",SNBP,1029125
"SUMMER INFANT, INC.",SUMR,1314772
"SUGARMADE, INC.",SGMD,919175
"STERLING BANCORP, INC.",SBT,1680379
"STEREOTAXIS, INC.",STXS,1289340
"START SCIENTIFIC, INC.",STSC,1368761
"STARTEK, INC.",SRT,1031029
"STAFFING 360 SOLUTIONS, INC.",STAF,1499717
"SPROUTS FARMERS MARKET, INC.",SFM,1575515
"SPOK HOLDINGS, INC",SPOK,1289945
"SPIRIT AIRLINES, INC.",SAVE,1498710
SPHERE 3D CORP,ANY,1591956
"SMART SAND, INC.",SND,1529628
SLEEP NUMBER CORP,SNBR,827187
"SILVERSUN TECHNOLOGIES, INC.",SSNT,1236275
"SIERRA ONCOLOGY, INC.",SRRA,1290149
"SIENTRA, INC.",SIEN,1551693
"SHUTTERSTOCK, INC.",SSTK,1549346
"SHARPSPRING, INC.",SHSP,1506439
"SERVISFIRST BANCSHARES, INC.",SFBS,1430723
"SERVICENOW, INC.",NOW,1373715
"SEQUENTIAL BRANDS GROUP, INC.",SQBG,1648428
"SENSUS HEALTHCARE, INC.",SRTS,1494891
"CUI GLOBAL, INC.",CUI,1108967
TORCHMARK CORP,TMK,320335
TOMPKINS FINANCIAL CORP,TMP,1005817
"TOMI ENVIRONMENTAL SOLUTIONS, INC.",TOMZ,314227
TOFUTTI BRANDS INC,TOFB,730349
"TIVITY HEALTH, INC.",TVTY,704415
TIME WARNER INC.,TWX,1105705
"TILLY'S, INC.",TLYS,1524025
TIFFANY & CO,TIF,98246
"THL CREDIT, INC.",TCRD,1464963
"THESTREET, INC.",TST,1080056
THEGLOBE COM INC,TGLO,1066684
TEXTRON INC,TXT,217346
TEXAS INSTRUMENTS INC,TXN,97476
"TESARO, INC.",TSRO,1491576
"TERADYNE, INC",TER,97210
TENNECO INC,TEN,1024725
TENNANT CO,TNC,97134
TENGASCO INC,TGC,1001614
TENET HEALTHCARE CORP,THC,70318
TELEFLEX INC,TFX,96943
TEGNA INC,TGNA,39899
TECOGEN INC.,TGEN,1537435
TECH DATA CORP,TECD,790703
"TCG BDC, INC.",CGBD,1544206
TCF FINANCIAL CORP,TCF,814184
TARGET CORP,TGT,27419
TAILORED BRANDS INC,TLRD,884217
TACTILE SYSTEMS TECHNOLOGY INC,TCMD,1027838
TABLE TRAC INC,TBTC,1090396
"T2 BIOSYSTEMS, INC.",TTOO,1492674
"T-MOBILE US, INC.",TMUS,1283699
"SYNACOR, INC.",SYNC,1408278
"SURGERY PARTNERS, INC.",SGRY,1638833
"SUPPORT.COM, INC.",SPRT,1104855
"SUNWORKS, INC.",SUNW,1172631
CSG SYSTEMS INTERNATIONAL INC,CSGS,1005757
TOCAGEN INC,TOCA,1419041
TIMKENSTEEL CORP,TMST,1598428
"THERAPEUTICSMD, INC.",TXMD,25743
"TEXAS ROADHOUSE, INC.",TXRH,1289460
"TESLA, INC.",TSLA,1318605
"TELIGENT, INC.",TLGT,352998
"TELEHEALTHCARE, INC.",TLLT,1628104
"TELARIA, INC.",TLRA,1375796
"TELADOC, INC.",TDOC,1477449
TECNOGLASS INC.,TGLS,1534675
TECHTARGET INC,TTGT,1293282
TEARLAB CORP,TEAR,1299139
TABLEAU SOFTWARE INC,DATA,1303652
TWO HANDS CORP,TWOH,1494413
"TWITTER, INC.",TWTR,1418091
TUTOR PERINI CORP,TPC,77543
TTM TECHNOLOGIES INC,TTMI,1116942
"TTEC HOLDINGS, INC.",TTEC,1013880
TRUSTMARK CORP,TRMK,36146
TRUPANION INC.,TRUP,1371285
TRINITY CAPITAL CORP,TRIN,99771
TRINET GROUP INC,TNET,937098
TRIMBLE INC.,TRMB,864749
TRIMAS CORP,TRS,842633
"TRI POINTE GROUP, INC.",TPH,1561680
TREVENA INC,TRVN,1429560
TREDEGAR CORP,TG,850429
TRAVELZOO,TZOO,1133311
TRAVELCENTERS OF AMERICA LLC,TA,1378453
TRANSENTERIX INC.,TRXC,876378
TRANSACT ENERGY CORP,TEGY,1383394
TRANS LUX CORP,TNLX,99106
CPI CARD GROUP INC.,PMTS,1641614
UNITIL CORP,UTL,755001
UNITED GUARDIAN INC,UG,101295
UNISYS CORP,UIS,746838
UNION PACIFIC CORP,UNP,100885
UNION BANKSHARES INC,UNB,706863
UMPQUA HOLDINGS CORP,UMPQ,1077771
UMB FINANCIAL CORP,UMBF,101382
ULTRALIFE CORP,ULBI,875657
UFP TECHNOLOGIES INC,UFPT,914156
"UDR, INC.",UDR,74208
"UBL INTERACTIVE,INC.",UBLI,1576778
"U.S. AUTO PARTS NETWORK, INC.",PRTS,1378950
TURTLE BEACH CORP,HEAR,1493761
"TURNING POINT BRANDS, INC.",TPB,1290677
"TRUECAR, INC.",TRUE,1327318
"TRUEBLUE, INC.",TBI,768899
"TROVAGENE, INC.",TROV,1213037
"TRIUMPH BANCORP, INC.",TBK,1539638
TRIPLEPOINT VENTURE GROWTH BDC CORP.,TPVG,1580345
"TRIPADVISOR, INC.",TRIP,1526520
TRILOGY METALS INC.,TMQ,1543418
"TREEHOUSE FOODS, INC.",THS,1320695
TRAVELPORT WORLDWIDE LTD,TVPT,1424755
TRANSUNION,TRU,1552033
TRANSMONTAIGNE PARTNERS L.P.,TLP,1319229
VICOR CORP,VICR,751978
VICAL INC,VICL,819050
"VERMILLION, INC.",VRML,926617
VERINT SYSTEMS INC,VRNT,1166388
VENTAS INC,VTR,740260
VECTREN CORP,VVC,1096385
VARONIS SYSTEMS INC,VRNS,1361113
VANJIA CORP,VNJA,1532383
VALERO ENERGY PARTNERS LP,VLP,1583103
V F CORP,VFC,103379
UNIVAR INC.,UNVR,1494319
UNITI GROUP INC.,UNIT,1620280
UNITED CANNABIS CORP,CNAB,1436161
UNION BANKSHARES CORP,UBSH,883948
ULTRAGENYX PHARMACEUTICAL INC.,RARE,1515673
UWHARRIE CAPITAL CORP,UWHR,898171
USA TRUCK INC,USAK,883945
"US ECOLOGY, INC.",ECOL,742126
UR-ENERGY INC,URG,1375205
UQM TECHNOLOGIES INC,UQM,315449
"UNIVERSAL LOGISTICS HOLDINGS, INC.",ULH,1308208
UNIVERSAL FOREST PRODUCTS INC,UFPI,912767
"CONTINENTAL RESOURCES, INC",CTLR,732834
WERNER ENTERPRISES INC,WERN,793074
WELLTOWER INC.,WELL,766704
WEIS MARKETS INC,WMK,105418
"WEC ENERGY GROUP, INC.",WEC,783325
"WCF BANCORP, INC.",WCFB,1667944
WATSCO INC,WSO,105016
WASTE MANAGEMENT INC,WM,823768
"WARRIOR MET COAL, INC.",HCC,1691303
WADDELL & REED FINANCIAL INC,WDR,1052100
W. P. CAREY INC.,WPC,1025378
VUZIX CORP,VUZI,1463972
VOLTARI CORP,VLTC,1568319
VOIP-PAL.COM INC,VPLM,1410738
"VIVINT SOLAR, INC.",VSLR,1607716
"VITAMIN SHOPPE, INC.",VSI,1360530
"VIRTRA, INC",VTSI,1085243
VERTEX ENERGY INC.,VTNR,890447
"VERSARTIS, INC.",VSAR,1513818
VERITIV CORP,VRTV,1599489
"VERITEX HOLDINGS, INC.",VBTX,1501570
"VERISK ANALYTICS, INC.",VRSK,1442145
VERICEL CORP,VCEL,887359
"VERASTEM, INC.",VSTM,1526119
"VECTRUS, INC.",VEC,1601548
"VANGUARD NATURAL RESOURCES, INC.",VNRR,1384072
VYCOR MEDICAL INC,VYCO,1424768
VONAGE HOLDINGS CORP,VG,1272830
"VMWARE, INC.",VMW,1124610
VIVUS INC,VVUS,881524
"VIVEVE MEDICAL, INC.",VIVE,879682
VISTEON CORP,VC,1111335
VISTA GOLD CORP,VGZ,783324
COMPUTER TASK GROUP INC,CTG,23111
WALMART INC.,WMT,104169
WYNDHAM WORLDWIDE CORP,WYN,1361658
WSFS FINANCIAL CORP,WSFS,828944
"WPX ENERGY, INC.",WPX,1518832
WINTRUST FINANCIAL CORP,WTFC,1015328
WINMARK CORP,WINA,908315
WILLIAMS SONOMA INC,WSM,719955
WIDEPOINT CORP,WYY,1034760
WEYCO GROUP INC,WEYS,106532
"WESTERN CAPITAL RESOURCES, INC.",WCRS,1363958
COMFORT SYSTEMS USA INC,FIX,1035983
XCEL ENERGY INC,XEL,72903
XBIOTECH INC.,XBIT,1626878
"WORLDPAY, INC.",WP,1533932
WORKHORSE GROUP INC.,WKHS,1425287
"WIZE PHARMA, INC.",WIZP,1218683
WINGSTOP INC.,WING,1636222
WILLSCOT CORP,WSC,1647088
"WIDEOPENWEST, INC.",WOW,1701051
WHITESTONE REIT,WSR,1175535
ARGAN INC,AGX,100591
APT SYSTEMS INC,APTY,1543739
"AMYRIS, INC.",AMRS,1365916
AMERICAN REBEL HOLDINGS INC,AREB,1648087
"AMERI HOLDINGS, INC.",AMRH,890821
ALPHA ENERGY INC,APHE,855787
"ABCO ENERGY, INC.",ABCE,1300938
"2050 MOTORS, INC.",ETFM,867028
12 RETECH CORP,RETC,1627611
"TRONC, INC.",TRNC,1593195
SCPHARMACEUTICALS INC.,SCPH,1604950
"RESTORBIO, INC.",TORC,1720580
"E.L.F. BEAUTY, INC.",ELF,1600033
"BLUEBIRD BIO, INC.",BLUE,1293971
ATYR PHARMA INC,LIFE,1339970
ZYMEWORKS INC.,ZYME,1403752
ZUMIEZ INC,ZUMZ,1318008
ZOSANO PHARMA CORP,ZSAN,1587221
ZOETIS INC.,ZTS,1555280
"ZOE'S KITCHEN, INC.",ZOES,1594879
"ZIVO BIOSCIENCE, INC.",ZIVO,1101026
"ZENDESK, INC.",ZEN,1463172
ZYNEX INC,ZYXI,846475
"ZOGENIX, INC.",ZGNX,1375151
ZIX CORP,ZIXI,855612
ZION OIL & GAS INC,ZN,1131312
ZEV VENTURES INC.,ZVVT,1646188
"ZAFGEN, INC.",ZFGN,1374690
"YEXT, INC.",YEXT,1614178
"YACHT FINDERS, INC.",YTFD,1311673
YUM BRANDS INC,YUM,1041061
XYLEM INC.,XYL,1524472
"XPRESSPA GROUP, INC.",XSPA,1410428
XPERI CORP,XPER,1690666
XENCOR INC,XNCR,1326732
"XPO LOGISTICS, INC.",XPO,1166003
XO GROUP INC.,XOXO,1062292
"COCONNECT, INC.",MMND,1088638
"BIOSTAGE, INC.",BSTG,1563665
BIOPHARMX CORP,BPMX,1504167
BIOCORRX INC.,BICX,1443863
"BALANCE LABS, INC.",BLNC,1632121
BUCKLE INC,BKE,885245
BROADVISION INC,BVSN,920448
"BIOHITECH GLOBAL, INC.",BHTG,1590383
BIG LOTS INC,BIG,768835
BED BATH & BEYOND INC,BBBY,886158
"ASTRONOVA, INC.",ALOT,8146
"APPSOFT TECHNOLOGIES, INC.",ASFT,1651992
"APPLIED MINERALS, INC.",AMNL,8328
"ANGIOGENEX, INC.",AGGX,1085596
"AMPLITECH GROUP, INC.",AMPG,1518461
"AMERICAN RETAIL GROUP, INC.",ARGB,277905
AMERICAN RESOURCES CORP,AREC,1590715
"AMERICAN MIDSTREAM PARTNERS, LP",AMID,1513965
"ALTIMMUNE, INC.",ALT,1326190
"ALLIANCE MMA, INC.",AMMA,1674227
ALFACOURSE INC.,ALFC,1697412
"AGORA HOLDINGS, INC.",AGHI,1680966
ADVECO GROUP INC.,ADVV,1698519
ADVANTEGO CORP,ADGO,869531
"ADVANCED VOICE RECOGNITION SYSTEMS, INC",AVOI,1342936
ACOLOGY INC.,ACOL,1096950
AUSCRETE CORP,ASCK,1492091
ATHENA SILVER CORP,AHNR,1304409
"ASIA EQUITY EXCHANGE GROUP, INC.",AEEX,1590565
"ASAP EXPO, INC.",ASAE,1419275
ARVANA INC,AVNI,1113313
CLOUD PEAK ENERGY INC.,CLD,1441849
CRYPTO CO,CRCW,1688126
"CLOUDWEB, INC.",CLOW,1619227
"CLOUDERA, INC.",CLDR,1535379
CITI TRENDS INC,CTRN,1318484
CERECOR INC.,CERC,1534120
CARDIFF LEXINGTON CORP,CDIX,811222
"CANNABIS LEAF, INC.",PCFP,1632053
"CANBIOLA, INC.",CANB,1509957
CVD EQUIPMENT CORP,CVV,766792
CTD HOLDINGS INC,CTDH,922247
CONNS INC,CONN,1223389
CLEARONE INC,CLRO,840715
CHEROKEE INC,CHKE,844161
CARMAX INC,KMX,1170010
CAPITAL BEVERAGE CORP,CBEV,1020186
CANNASYS INC,MJTK,1417028
"CANCER GENETICS, INC",CGIX,1349929
CALERES INC,CAL,14707
"CA, INC.",GPS,356028
BONE BIOLOGICS CORP,BBLG,1419554
CITRIX SYSTEMS INC,CTXS,877890
"FREEZE TAG, INC.",FRZT,1485074
"FREE FLOW, INC.",FFLO,1543652
FORBES ENERGY SERVICES LTD.,FLSS,1434842
FLITWAYS TECHNOLOGY INC.,FTWS,1582919
FLAGSHIP GLOBAL CORP,FGCN,1486640
"FAT BRANDS, INC",FAT,1705012
FREDS INC,FRED,724571
FOCUS UNIVERSAL INC.,FCUV,1590418
FLEXPOINT SENSOR SYSTEMS INC,FLXT,925660
"FITLIFE BRANDS, INC.",FTLF,1374328
FINDEX COM INC,FIND,1089061
FC GLOBAL REALTY INC,FCRE,711665
FALCONSTOR SOFTWARE INC,FALC,922521
EXELED HOLDINGS INC.,ELED,774937
"EXACTUS, INC.",EXDI,1552189
"ENPHASE ENERGY, INC.",ENPH,1463101
"ENER-CORE, INC.",ENCR,1495536
"EXPRESS, INC.",EXPR,1483510
ETHEMA HEALTH CORP,GRST,792935
"ENVIRO TECHNOLOGIES, INC.",EVTN,1043894
ENERTECK CORP,ETCK,1128353
EMPIRE PETROLEUM CORP,EMPR,887396
EMARINE GLOBAL INC.,EMRN,1178377
"ELRAY RESOURCES, INC.",ELRA,1402371
ECO TEK 360 INC,ECTX,1338929
ECARD INC.,EVRT,1552743
"DOLPHIN ENTERTAINMENT, INC.",DLPN,1282224
DESTINATION MATERNITY CORP,DEST,896985
DATA STORAGE CORP,DTST,1419951
DYNARESOURCE INC,DYNR,1111741
DTHERA SCIENCES,DTHR,1586372
DSWISS INC,DQWS,1652561
DSG GLOBAL INC.,DSGT,1413909
DLT RESOLUTION INC.,DLTI,1420368
DKG CAPITAL INC.,DKGH,1592411
DITECH HOLDING CORP,DHCP,1040719
DIGITAL ALLY INC,DGLY,1342958
CICERO INC,CICN,945384
INNOCAP INC,INNO,1281845
INCEPTION MINING INC.,IMII,1416090
IMAGING3 INC,IGNG,1205181
IGS CAPITAL GROUP LTD,IGSC,1288195
IGEN NETWORKS CORP,IGEN,1393540
ICOX INNOVATIONS INC.,ICOX,1515139
"ICC HOLDINGS, INC.",ICCH,1681903
HUBILU VENTURE CORP,HBUV,1639068
HOTAPP BLOCKCHAIN INC.,HTBC,1600347
HASH LABS INC.,HLAB,842013
HUNT MINING CORP,HMXZF,1551206
"HST GLOBAL, INC.",HSTC,797564
HOOPER HOLMES INC,HPHW,741815
HOOKER FURNITURE CORP,HOFT,1077688
HCI VIOCARE,VICA,1402737
"GRATITUDE HEALTH, INC.",GRTD,1489588
GOPHER PROTOCOL INC.,GOPH,1471781
GLOBAL SMART CAPITAL CORP.,TDXP,1625095
"GIGGLES N' HUGS, INC.",GIGL,1381435
GEOSPATIAL CORP,GSPH,1011395
"GENPREX, INC.",GNPX,1595248
"GALAXY GAMING, INC.",GLXZ,13156
GTX CORP,GTXO,1375793
"GROW CONDOS, INC.",GRWC,1448558
"GREENKRAFT, INC.",GKIT,1398529
GREEN SPIRIT INDUSTRIES INC.,GSRX,1381240
"GOOD GAMING, INC.",GMER,1454742
GLEN BURNIE BANCORP,GLBZ,890066
"GEX MANAGEMENT, INC.",GXXM,1681556
"FUSE MEDICAL, INC.",FZMD,319016
CHICAGO RIVET & MACHINE CO,CVR,19871
"MACY'S, INC.",M,794367
"MULTI SOLUTIONS II, INC",MUSS,723733
"MULTI SOFT II, INC",MSOF,766404
"MULLAN AGRITECH, INC.",MHDG,1629665
MIKROS SYSTEMS CORP,MKRS,317340
MESABI TRUST,MSB,65172
"MEDCAREERS GROUP, INC.",MCGI,1438901
"MAKINGORG, INC.",CQCQ,1569083
MAGNEGAS CORP,MNGA,1353487
MAGELLAN GOLD CORP,MAGE,1515317
"LOOP INDUSTRIES, INC.",LOOP,1504678
LONGFIN CORP,LFIN,1699683
LITHIUM CORP,LTUM,1415332
"LM FUNDING AMERICA, INC.",LMFA,1640384
"LIVING 3D HOLDINGS, INC.",LTDH,93205
LIFEAPPS BRANDS INC.,LFAP,1510247
"KAYA HOLDINGS, INC.",KAYS,1530746
"KIRKLAND'S, INC",KIRK,1056285
"JAGUAR HEALTH, INC.",JAGX,1585608
JOBLOCATIONMAP INC,JBCT,1555995
"J.JILL, INC.",JILL,1687932
"INRAD OPTICS, INC.",INRD,719494
INDOOR HARVEST CORP,INQD,1572565
"IMMUDYNE, INC.",IMMD,948320
IDEAL POWER INC.,IPWR,1507957
CHEESECAKE FACTORY INC,CAKE,887596
"NODECHAIN, INC.",NODC,1580485
"NEW BANCORP, INC.",NWBB,1644482
"NEURALSTEM, INC.",CUR,1357459
"NET ELEMENT, INC.",NETE,1499961
NUTRAFUELS INC,NTFU,1563463
NUTRA PHARMA CORP,NPHC,1119643
NEXEON MEDSYSTEMS INC,NXNN,1416172
"NEW RELIC, INC.",NEWR,1448056
NETWORK CN INC,NWCN,934796
NAKED BRAND GROUP INC.,NAKD,1383097
"MYDX, INC.",MYDX,1582341
MUSCLEPHARM CORP,MSLP,1415684
MICROBOT MEDICAL INC.,MBOT,883975
"MASSROOTS, INC.",MSRT,1589149
"REAC GROUP, INC.",REAC,1520528
"RC-1, INC.",RCCC,1665598
"QUEST SOLUTION, INC.",QUES,278165
"QUARTA-RAD, INC.",QURT,1549631
QUEST PATENT RESEARCH CORP,QPRC,824416
QUANTRX BIOMEDICAL CORP,QTXB,820608
"QS ENERGY, INC.",QSEP,1103795
Q2EARTH INC.,QPWR,1310527
PROBILITY MEDIA CORP,PBYA,1530981
"PRECIPIO, INC.",PRPO,1043961
"POLAR POWER, INC.",POLA,1622345
"POINT CAPITAL, INC.",PTCI,1514183
"PLASTIC2OIL, INC.",PTOI,1381105
PHOENIX APPS INC.,PXPP,1660839
PETROLIA ENERGY CORP,BBLS,1368637
"PEERLOGIX, INC.",LOGX,1603494
"PURA NATURALS, INC.",PNAT,1501257
PRIMEENERGY CORP,PNRG,56868
"POWERVERDE, INC.",PWVI,933972
POSITIVEID CORP,PSID,1347022
PDL COMMUNITY BANCORP,PDLB,1703489
PARADISE INC,PARF,76149
ORIENT PAPER INC.,ONP,1358190
ORBITAL TRACKING CORP.,TRKK,1058307
"ONE HORIZON GROUP, INC.",OHGI,225211
ONCOCYTE CORP,OCX,1642380
"ORIGINCLEAR, INC.",OCLN,1419793
ORANCO INC,ORNC,1098996
"OPTILEAF, INC.",OPLF,1628228
OMNICOMM SYSTEMS INC,OMCM,1034592
"OLB GROUP, INC.",OLBG,1314196
"NXT-ID, INC.",NXTD,1566826
"NUO THERAPEUTICS, INC.",AURX,1091596
"NU-MED PLUS, INC.",NUMD,1543637
NOVUS ROBOTICS INC.,NRBT,1388180
"NOVUME SOLUTIONS, INC.",NVMM,1697851
NOVAGEN INGENIUM INC.,NOVZ,1425173
"CENTURYLINK, INC",CTL,18926
"SUNVALLEY SOLAR, INC.",SSOL,1434477
STRATEGIC INTERNET INVESTMENTS INC,SIII,53320
STERLING CONSOLIDATED CORP,STCC,1555972
STEIN MART INC,SMRT,884940
STEELCASE INC,SCS,1050825
STAGE STORES INC,SSI,6885
"SSB BANCORP, INC.",SSBP,1716188
"SPYR, INC.",SR,829325
"SPINDLE, INC.",SPDL,1403802
SPAR GROUP INC,SGRP,1004989
SORL AUTO PARTS INC,SORL,714284
"SIGMA LABS, INC.",SGLB,788611
SHOE CARNIVAL INC,SCVL,895447
"SEARS HOMETOWN & OUTLET STORES, INC.",SHOS,1548309
"RIOT BLOCKCHAIN, INC.",RIOT,1167419
REXNORD CORP,RXN,1439288
RESPIRERX PHARMACEUTICALS INC.,RSPI,849636
"RENNOVA HEALTH, INC.",RNVA,931059
REIGN SAPPHIRE CORP,RGNP,1642159
RED LION HOTELS CORP,RLH,1052595
"RECALL STUDIOS, INC.",BTOP,1484769
"REBEL GROUP, INC.",REBL,1532158
ROSS STORES INC,ROST,745732
RIZZEN INC.,RZZN,1659559
RITE AID CORP,RAD,84129
REX ENERGY CORP,REXX,1397516
"REMARK HOLDINGS, INC.",MARK,1368365
"REED'S, INC.",REED,1140215
CCA INDUSTRIES INC,CAW,721447
"VIKING ENERGY GROUP, INC.",VKIN,1102432
VIASPACE INC.,VSPC,1270200
VALIDIAN CORP,VLDI,1100644
"ULTA BEAUTY, INC.",ULTA,1403568
URBAN OUTFITTERS INC,URBN,912615
UNICO AMERICAN CORP,UNAM,100716
"U.S. STEM CELL, INC.",USRM,1388319
TITAN MACHINERY INC.,TITN,1409171
"TINTRI, INC.",TNTR,1554875
"TIGER OIL & ENERGY, INC.",TGRO,1386018
THUNDER ENERGIES CORP,TNRG,1524872
TWO RIVERS WATER & FARMING CO,TURV,1302946
TRON GROUP INC.,TGRP,1658605
TOWERSTREAM CORP,TWER,1349437
TELOS CORP,TU,320121
TELKONET INC,TKOI,1094084
TAUTACHROME INC.,TTCM,1389067
SURNA INC.,SRNA,1482541
"SURGE HOLDINGS, INC.",SURG,1392694
"SUNDANCE STRATEGIES, INC.",SUND,1171838
"SPERO THERAPEUTICS, INC.",SPRO,1701108
SINORAMA CORP,SNNN,1687505
"SINO AGRO FOOD, INC.",SIAF,1488419
CARNIVAL CORP,CCL,815097
CAMBREX CORP,CBM,820081
CAFEPRESS INC.,PRSS,1117733
CADUS CORP,KDUS,911148
"BUILDERS FIRSTSOURCE, INC.",BLDR,1316835
"BIOCARDIA, INC.",BCDA,925741
"BYLINE BANCORP, INC.",BY,1702750
"BWX TECHNOLOGIES, INC.",BWXT,1486957
"BSB BANCORP, INC.",BLMT,1522420
BRIDGE BANCORP INC,BDGE,846617
"BLUCORA, INC.",BCOR,1068875
BIOGEN INC.,BIIB,875045
BCB BANCORP INC,BCBP,1228454
BANNER CORP,BANR,946673
"AZURRX BIOPHARMA, INC.",AZRX,1604191
"ATLANTIC CAPITAL BANCSHARES, INC.",ACBI,1461755
ARBUTUS BIOPHARMA CORP,ABUS,1447028
"ANTHEM, INC.",ANTM,1156039
ANTERO MIDSTREAM PARTNERS LP,AM,1598968
ALTERNATIVE INVESTMENT CORP,AIKO,1405660
"ALEXANDER & BALDWIN, INC.",ALEX,1545654
ALCENTRA CAPITAL CORP,ABDC,1578620
"ACTIVISION BLIZZARD, INC.",ATVI,718877
"AVID TECHNOLOGY, INC.",AVID,896841
"XG TECHNOLOGY, INC.",XGTI,1565228
"USELL.COM, INC.",USEL,1271075
"THEMAVEN, INC.",MVEN,894871
"NFUSZ, INC.",FUSZ,1566610
ISIGN SOLUTIONS INC.,ISGN,727634
"IGAMBIT, INC.",IGMB,1479681
HOPTO INC.,HPTO,1021435
ALPHA-EN CORP,ALPE,1023298
"ZENOSENSE, INC.",ZENO,1458581
"ZENERGY BRANDS, INC.",ZNGY,1386026
"YUMA ENERGY, INC.",YUMA,1672326
"YOSEN GROUP, INC.",YOSN,1076784
"YOGAWORKS, INC.",YOGA,1703497
"XSPAND PRODUCTS LAB, INC.",XSPL,1717556
XILINX INC,XLNX,743988
"WIZARD WORLD, INC.",WIZD,1162896
"WESTMORELAND RESOURCE PARTNERS, LP",WMLP,1412347
WESTERN URANIUM CORP,WSTRF,1621906
WORLDS INC,WDDD,1961
"WEYLAND TECH, INC.",WEYL,1335112
WEST COAST VENTURES GROUP CORP.,WCVC,1551906
"VITALIBIS, INC.",VCBD,1636509
VISTA OUTDOOR INC.,VSTO,1616318
"VIRTUAL CRYPTO TECHNOLOGIES, INC.",VRCP,797542
VET ONLINE SUPPLY INC,VTNL,1641751
"VERIFYME, INC.",VRME,1104038
"VERA BRADLEY, INC.",VRA,1495320
VIVOS INC,RDGL,1449349
VIEW SYSTEMS INC,VSYM,1075857
TIMEFIREVR INC.,TFVR,748268
"TENAX THERAPEUTICS, INC.",TENX,34956
STANDARD AVB FINANCIAL CORP.,STND,1492915
SUPERVALU INC,SVU,95521
STAR BUFFET INC,STRZ,1043156
SMG INDUSTRIES INC.,SMGI,1426506
"RESORT SAVERS, INC.",RSSV,1572384
RMG NETWORKS HOLDING CORP,RMGN,1512074
RED HAT INC,RHT,1087423
QUOTEMEDIA INC,QMCI,1101433
"PRESTIGE BRANDS HOLDINGS, INC.",PBH,1295947
POWIN ENERGY CORP,PWON,1468780
PACIFIC HEALTH CARE ORGANIZATION INC,PFHO,1138476
NUTRIBAND INC.,NTRB,1676047
"NORTHSTAR HEALTHCARE INCOME, INC.",NHHS,1503707
NORTHSTAR ELECTRONICS INC,NEIK,1082027
MEDIAN GROUP INC,CHMD,1211211
"MARINA BIOTECH, INC.",MRNA,737207
MARIMED INC.,MRMD,1522767
"LIFE CLIPS, INC.",LCLP,1604930
JRSIS HEALTH CARE CORP,JRSS,1597892
IRONCLAD ENCRYPTION CORP,IRNC,1455926
"INTELLINETICS, INC.",INLX,1081745
"IIOT-OXYS, INC.",ITOX,1290658
HEALTHLYNKED CORP,HLYK,1680139
H/CELL ENERGY CORP,HCCC,1676580
GULFMARK OFFSHORE INC,GLF,1030749
GENESCO INC,GCO,18498
"FRIENDABLE, INC.",FDBL,1414043
"FTE NETWORKS, INC.",FTNW,1122063
FIELDPOINT PETROLEUM CORP,FPPP,316736
"EQUUS TOTAL RETURN, INC.",EQS,878932
DREAM HOMES & DEVELOPMENT CORP.,DREM,1518336
"DPW HOLDINGS, INC.",DPW,896493
DAVIDSTEA INC.,DTEA,1627606
DAIS ANALYTIC CORP,DLYT,1125699
"CANNABIS SATIVA, INC.",CBDS,1360442
CASTLE GROUP INC,CAGU,918543
"BRAZIL MINERALS, INC.",BMIX,1540684
"BLACK RIDGE OIL & GAS, INC.",ANFC,1490161
BLACKBOXSTOCKS INC.,BLBX,1567900
ANVIA HOLDINGS CORP,ANVV,1681282
ALPHA INVESTMENT INC.,ALPC,1616736
"ABTECH HOLDINGS, INC.",ABHD,1405858
"ARGENTUM 47, INC.",ARGQ,1533106
"AGRITEK HOLDINGS, INC.",AGTK,1040850
"EHEALTH, INC.",EHTH,1333493
"ZONED PROPERTIES, INC.",ZDPY,1279620
ZIOPHARM ONCOLOGY INC,ZIOP,1107421
YRC WORLDWIDE INC.,YRCW,716006
XEROX CORP,XRX,108772
"XCEL BRANDS, INC.",XELB,1083220
"WILLDAN GROUP, INC.",WLDN,1370450
"WELBILT, INC.",WBT,1650962
"WALKER & DUNLOP, INC.",WD,1497770
WHITING PETROLEUM CORP,WLL,1255474
WESBANCO INC,WSBC,203596
"WEB.COM GROUP, INC.",WEB,1095291
"VOYA FINANCIAL, INC.",VOYA,1535929
"VERITONE, INC.",VERI,1615165
"VAPE HOLDINGS, INC.",VAPE,1455819
VITAL THERAPIES INC,VTL,1280776
VICTORY ENERGY CORP,VYEY,700764
"VEREIT, INC.",VER,1507385
"UPLAND SOFTWARE, INC.",UPLD,1505155
"US HIGHLAND, INC.",UHLN,1381871
UNIVERSAL ELECTRONICS INC,UEIC,101984
ULTRA PETROLEUM CORP,UPL,1022646
"TURNKEY CAPITAL, INC.",TKCI,1567503
TRIDENT BRANDS INC,TDNT,1421907
TOPBUILD CORP,BLD,1633931
TERRENO REALTY CORP,TRNO,1476150
"TECH CENTRAL, INC.",TCHC,1639874
"TRXADE GROUP, INC.",TRXD,1382574
TRICO BANCSHARES /,TCBK,356171
TRANSATLANTIC PETROLEUM LTD.,TAT,1092289
"TPI COMPOSITES, INC",TPIC,1455684
TOR MINERALS INTERNATIONAL INC,TORM,842295
TIER REIT INC,TIER,1176373
TEREX CORP,TEX,97216
TEJON RANCH CO,TRC,96869
TAPIMMUNE INC.,TPIV,1094038
SUTHERLAND ASSET MANAGEMENT CORP,SLD,1527590
SUNRUN INC.,RUN,1469367
"SUNCOKE ENERGY, INC.",SXC,1514705
"STARCO BRANDS, INC.",STCB,1539850
"SMART & FINAL STORES, INC.",SFS,1563407
"SEVEN STARS CLOUD GROUP, INC.",SSC,837852
"SENESTECH, INC.",SNES,1680378
SANCHEZ ENERGY CORP,SN,1528837
SWK HOLDINGS CORP,SWKH,1089907
STRYKER CORP,SYK,310764
STRATUS PROPERTIES INC,STRS,885508
STERICYCLE INC,SRCL,861878
"SPX FLOW, INC.",FLOW,1641991
SOPHIRIS BIO INC.,SPHS,1563855
SMITH MIDLAND CORP,SMID,924719
SITESTAR CORP,SYTE,1096934
SERVICE CORP INTERNATIONAL,SCI,89089
SCIENTIFIC GAMES CORP,SGMS,750004
SCHOOL SPECIALTY INC,SCOO,1055454
SANDRIDGE ENERGY INC,SD,1349436
RICE MIDSTREAM PARTNERS LP,RMP,1620928
"RENEWABLE ENERGY & POWER, INC.",RBNW,1608430
"RA PHARMACEUTICALS, INC.",RARX,1481512
"RUBICON PROJECT, INC.",RUBI,1595974
"ROCKY BRANDS, INC.",RCKY,895456
RELIANCE STEEL & ALUMINUM CO,RS,861884
REALNETWORKS INC,RNWK,1046327
RAYONIER INC,RYN,52827
R1 RCM INC.,RCM,1472595
"QEP RESOURCES, INC.",QEP,1108827
PUBLIC STORAGE,PSA,1393311
"PROPHASE LABS, INC.",PRPH,868278
PHILLIPS 66,PSX,1534701
"PEERSTREAM, INC.",PEER,1355839
"PTC THERAPEUTICS, INC.",PTCT,1070081
PREFORMED LINE PRODUCTS CO,PLPC,80035
POTBELLY CORP,PBPB,1195734
"POLARITYTE, INC.",COOL,1076682
PILGRIMS PRIDE CORP,PPC,802481
PEPSICO INC,PEP,77476
"PDC ENERGY, INC.",PDCE,77877
PARKERVISION INC,PRKR,914139
PACWEST BANCORP,PACW,1102112
"OVASCIENCE, INC.",OVAS,1544227
"ONEMAIN HOLDINGS, INC.",OMF,1584207
OASIS MIDSTREAM PARTNERS LP,OMP,1652133
ON SEMICONDUCTOR CORP,ON,1097864
OLD SECOND BANCORP INC,OSBC,357173
OHA INVESTMENT CORP,OHAI,1297704
NUVECTRA CORP,NVTR,1648893
"NEW YORK REIT, INC.",NYRT,1474464
NATIONSTAR MORTGAGE HOLDINGS INC.,NSM,1520566
"NANTHEALTH, INC.",NH,1566469
NVIDIA CORP,NVDA,1045810
NOVELION THERAPEUTICS INC.,NVLN,827809
NOBLE ENERGY INC,NBL,72207
NF ENERGY SAVING CORP,NFEC,1213660
NETLIST INC,NLST,1282631
"NCS MULTISTAGE HOLDINGS, INC.",NCSM,1692427
NATIONAL RESEARCH CORP,NRC,70487
MYOKARDIA INC,MYOK,1552451
"MONGODB, INC.",MDB,1441816
METROPOLITAN BANK HOLDING CORP.,MCB,1476034
"MEDPACE HOLDINGS, INC.",MEDP,1668397
MATLIN & PARTNERS ACQUISITION CORP,MPACU,1670349
"MANNING & NAPIER, INC.",MN,1524223
"MVC CAPITAL, INC.",MVC,1099941
MOSAIC CO,MOS,1285785
MKS INSTRUMENTS INC,MKSI,1049502
MID PENN BANCORP INC,MPB,879635
METLIFE INC,MET,1099219
MEDIFAST INC,MED,910329
MAUI LAND & PINEAPPLE CO INC,MLP,63330
MARIN SOFTWARE INC,MRIN,1389002
MACK CALI REALTY CORP,CLI,924901
"LOGMEIN, INC.",LOGM,1420302
"LIGHTWAVE LOGIC, INC.",LWLG,1325964
LTC PROPERTIES INC,LTC,887905
"LINN ENERGY, INC.",LNGG,1326428
"LGI HOMES, INC.",LGIH,1580670
LEMAITRE VASCULAR INC,LMAT,1158895
LEGGETT & PLATT INC,LEG,58492
LANDMARK BANCORP INC,LARK,1141688
KIBUSH CAPITAL CORP,DLCR,1614466
KNOLL INC,KNL,1011570
KILROY REALTY CORP,KRC,1025996
"KBR, INC.",KBR,1357615
"JOUNCE THERAPEUTICS, INC.",JNCE,1640455
JETBLUE AIRWAYS CORP,JBLU,1158463
"JAMBA, INC.",JMBA,1316898
"J. ALEXANDER'S HOLDINGS, INC.",JAX,1617227
"INTERPACE DIAGNOSTICS GROUP, INC.",IDXG,1054102
INGEVITY CORP,NGVT,1653477
ISSUER DIRECT CORP,ISDR,843006
"IOVANCE BIOTHERAPEUTICS, INC.",IOVA,1425205
INVESTORS TITLE CO,ITIC,720858
INTRICON CORP,IIN,88790
INTERCEPT PHARMACEUTICALS INC,ICPT,1270073
INNOSPEC INC.,IOSP,1054905
IMPINJ INC,PI,1114995
IDACORP INC,IDA,1057877
HYATT HOTELS CORP,H,1468174
HOWARD HUGHES CORP,HHC,1498828
HILTON WORLDWIDE HOLDINGS INC.,HLT,1585689
"HALYARD HEALTH, INC.",HYH,1606498
HOPFED BANCORP INC,HFBC,1041550
HOME BANCSHARES INC,HOMB,1331520
"HG HOLDINGS, INC.",STLY,797465
HEIDRICK & STRUGGLES INTERNATIONAL INC,HSII,1066605
HARTE HANKS INC,HHS,45919
HALCON RESOURCES CORP,HK,1282648
GRUBHUB INC.,GRUB,1594109
GREEN PLAINS INC.,GPRE,1309402
"GLOBAL BLOOD THERAPEUTICS, INC.",GBT,1629137
GULFPORT ENERGY CORP,GPOR,874499
"GROWLIFE, INC.",PHOT,1161582
GP STRATEGIES CORP,GPX,70415
"GLOWPOINT, INC.",GLOW,746210
GLACIER BANCORP INC,GBCI,868671
GENOMIC HEALTH INC,GHDX,1131324
GENERAL ELECTRIC CO,GE,40545
GENCO SHIPPING & TRADING LTD,GNK,1326200
FORTRESS TRANSPORTATION & INFRASTRUCTURE INVESTORS LLC,FTAI,1590364
"FIRST FOODS GROUP, INC.",FIFG,1648903
"FARMERS & MERCHANTS BANCSHARES, INC.",FMBN,1698022
"FSB BANCORP, INC.",FSBC,1667939
"FOOT LOCKER, INC.",FL,850209
FIVE STAR SENIOR LIVING INC.,FVE,1159281
FIRST MERCHANTS CORP,FRME,712534
FIRST KEYSTONE CORP,FKYS,737875
FB FINANCIAL CORP,FBK,1649749
EVOKE PHARMA INC,EVOK,1403708
"ENERGY XXI GULF COAST, INC.",EGC,1404973
"ENDURANCE EXPLORATION GROUP, INC.",EXPL,1392902
"ECHO GLOBAL LOGISTICS, INC.",ECHO,1426945
EVERSPIN TECHNOLOGIES INC,MRAM,1438423
ATOSSA GENETICS INC,ATOS,1488039
ASPEN AEROGELS INC,ASPN,1145986
ARROW FINANCIAL CORP,AROW,717538
"ARCA BIOPHARMA, INC.",ABIO,907654
ANTERO RESOURCES CORP,AR,1433270
AMGEN INC,AMGN,318154
AMEREN CORP,AEE,1002910
AMBASE CORP,ABCP,20639
ALLIANCEBERNSTEIN HOLDING L.P.,AB,825313
"AKCEA THERAPEUTICS, INC.",AKCA,1662524
AGENUS INC,AGEN,1098972
ADTRAN INC,ADTN,926282
"ACORN ENERGY, INC.",ACFN,880984
"ABV CONSULTING, INC.",ABVN,1607450
"22ND CENTURY GROUP, INC.",XXII,1347858
WGL HOLDINGS INC,WGL,1103601
URANIUM ENERGY CORP,UEC,1334933
"TX HOLDINGS, INC.",TXHG,1133798
"SWEEGEN, INC.",SWEE,1580883
SEMILEDS CORP,LEDS,1333822
SIMULATIONS PLUS INC,SLP,1023459
RGC RESOURCES INC,RGCO,1069533
"PRUDENTIAL BANCORP, INC.",PBIP,1578776
PRICESMART INC,PSMT,1041803
PANAMERA HEALTHCARE CORP,PNHT,1620749
"MODULAR MEDICAL, INC.",MODD,1074871
MITEK SYSTEMS INC,MITK,807863
"LEVEL BRANDS, INC.",LEVB,1644903
KULICKE & SOFFA INDUSTRIES INC,KLIC,56978
KMG CHEMICALS INC,KMG,1028215
"IONIX TECHNOLOGY, INC.",IINX,1528308
"HELMERICH & PAYNE, INC.",HP,46765
GH CAPITAL INC.,GHHC,1609472
FRONTERA GROUP INC.,FRTG,1602813
EMERALD DATA INC,EMRD,1622231
EMCORE CORP,EMKR,808326
DATAWATCH CORP,DWCH,792130
"CX NETWORK GROUP, INC.",CXKJ,1502557
CARVER BANCORP INC,CARV,1016178
BRT APARTMENTS CORP.,BRT,14846
BERRY GLOBAL GROUP INC,BERY,1378992
BECTON DICKINSON & CO,BDX,10795
"ADVANCED BIOENERGY, LLC",ABENU,1325740
ANALOG DEVICES INC,ADI,6281
