cik,marketwatch_name,name,ticker_symbol
915840,,BEAZER HOMES USA INC,BZH
1083922,,"AURASOURCE, INC.",ARAO
1584509,,ARAMARK,ARMK
1117057,,AMERICAN LORAIN CORP,ALN
1098009,,AMERICA GREAT HEALTH,AAGH
1422768,,ALMOST NEVER FILMS INC.,HLWD
1545232,,AIM EXPLORATION INC.,AEXE
1100397,,"ADVAXIS, INC.",ADXS
1422222,,ADAMA TECHNOLOGIES CORP,ADAC
866787,,AUTOZONE INC,AZO
731802,,ATMOS ENERGY CORP,ATO
1070789,,ASIA PROPERTIES INC,ASPZ
1067873,,AS-IP TECH INC,IPTK
820901,,ARETE INDUSTRIES INC,ARET
720500,,AMTECH SYSTEMS INC,ASYS
928465,,AMCON DISTRIBUTING CO,DIT
1087022,,ALR TECHNOLOGIES INC.,ALRT
868857,,AECOM,ACM
1144215,,ACUITY BRANDS INC,AYI
1382230,,"ESSA BANCORP, INC.",ESSA
32604,,EMERSON ELECTRIC CO,EMR
809933,,ECOLOGY & ENVIRONMENT INC,EEI
1502966,,"DIGIPATH,INC.",DIGP
1530163,,"DARKSTAR VENTURES, INC.",DAVC
1178104,,DEXTERA SURGICAL INC,DXTRQ
315189,,DEERE & CO,DE
869495,,DEEP WELL OIL & GAS INC,DWOG
1631282,,DATASEA INC.,DTSSD
783412,,DAILY JOURNAL CORP,DJCO
1691507,,"COMMUNITY FIRST BANCSHARES, INC.",CFBI
796505,,"CLEARFIELD, INC.",CLFD
1367859,,CITIZENS COMMUNITY BANCORP INC.,CZWI
1527844,,"CAPITAL ART, INC.",CAPA
1586988,,CSA HOLDINGS INC.,CSAX
21510,,COHERENT INC,COHR
743758,,"CLOUDCOMMERCE, INC.",CLWD
936395,,CIENA CORP,CIEN
830524,,CHASE CORP,CCF
887733,,CENTRAL GARDEN & PET CO,CENT
1435064,,CEMTREX INC,CETX
1133470,,CALAVO GROWERS INC,CVGW
16040,,CABOT CORP,CBT
1378590,,"BRIDGELINE DIGITAL, INC.",BLIN
1589526,,BLUE BIRD CORP,BLBD
1409197,,"BESPOKE EXTRACTS, INC.",BSPK
1631463,,BARREL ENERGY INC.,BRLL
1403085,,"JRJR33, INC.",JRJR
898293,,JABIL INC,JBL
1643988,,"INTERLINK PLUS, INC.",ITRK
1615063,,"INSPIRED ENTERTAINMENT, INC.",INSE
1509786,,"INSPIRED BUILDERS, INC.",ISRB
913760,,INTL FCSTONE INC.,INTL
69422,,INTERGROUP CORP,INTG
764401,,INSTEEL INDUSTRIES INC,IIIN
1048268,,"IES HOLDINGS, INC.",IESC
49728,,IEC ELECTRONICS CORP,IEC
1417398,,"HILLENBRAND, INC.",HI
937136,,HYPERDYNAMICS CORP,HDYNQ
109177,,"HRG GROUP, INC.",HRG
859737,,HOLOGIC INC,HOLX
46619,,HEICO CORP,HEI
1550053,,"GRAND PERFECTA, INC.",GPIW
1437925,,"GOLDEN MATRIX GROUP, INC.",GMGI
1341726,,"GULFSLOPE ENERGY, INC.",GSPE
50725,,GRIFFON CORP,GFF
40570,,GEE GROUP INC.,JOB
1581545,,FREEDOM LEAF INC.,FRLF
1435508,,FIRST SAVINGS FINANCIAL GROUP INC,FSFG
1603345,,FAIRWIND ENERGY INC.,FWDR
1636051,,FUSE ENTERPRISES INC.,FSNT
814547,,FAIR ISAAC CORP,FICO
1048695,,F5 NETWORKS INC,FFIV
1585738,,"ETHOS MEDIA NETWORK, INC.",EOMN
1428816,,"EPOXY, INC.",EPXY
79661,,PORTSMOUTH SQUARE INC,PRSI
785786,,PLEXUS CORP,PLXS
810136,,PHOTRONICS INC,PLAB
704172,,PHI GROUP INC,PHIL
315131,,PANHANDLE OIL & GAS INC,PHX
1086303,,PACIFIC WEBWORKS INC,PWEB
1649989,,"ONCOBIOLOGICS, INC.",ONS
775158,,OSHKOSH CORP,OSK
1000230,,OPTICAL CABLE CORP,OCC
1444307,,ONCOSEC MEDICAL INC,ONCS
1592782,,NUKKLEUS INC.,NUKK
1604416,,"NEXEO SOLUTIONS, INC.",NXEO
72331,,NORDSON CORP,NDSN
1623360,,MIRAGE ENERGY CORP,MRGE
1655349,,"MESSAGEBGONE, INC.",MSSB
1337068,,"MAGYAR BANCORP, INC.",MGYR
822370,,"MYND ANALYTICS, INC.",MYND
68709,,MTS SYSTEMS CORP,MTSC
1118417,,"MODEL N, INC.",MODN
310568,,MICROSEMI CORP,MSCC
723125,,MICRON TECHNOLOGY INC,MU
1113256,,MERITOR INC,MTOR
1032220,,MAXIMUS INC,MMS
1057060,,MARINEMAX INC,HZO
1550603,,"MALVERN BANCORP, INC.",MLVF
1374567,,"LUVU BRANDS, INC.",LUVU
16099,,LUBYS INC,LUB
1586452,,"LUBOA GROUP, INC.",LBAO
836157,,LINDSAY CORP,LNN
58361,,"LEE ENTERPRISES, INC",LEE
1604627,,"KUSH BOTTLES, INC.",KSHB
1679836,,"KELVIN MEDICAL, INC.",KVMD
1662706,,"TRUPAL MEDIA, INC.",TRMM
737758,,TORO CO,TTC
794170,,TOLL BROTHERS INC,TOL
1046050,,TIMBERLAND BANCORP INC,TSBK
1381668,,TFS FINANCIAL CORP,TFSL
831641,,TETRA TECH INC,TTEK
1619096,,SUMMIT NETWORKS INC.,SNTW
1471727,,"SPORT ENDURANCE, INC.",SENZ
1301991,,"SMARTMETRIC, INC.",SMME
1399306,,SIMLATUS CORP,SIML
1675634,,"SHIFTPIXY, INC.",PIXY
1535635,,SERVICE TEAM INC.,SVTE
851726,,SANTA FE GOLD CORP,SFEG
883241,,SYNOPSYS INC,SNPS
924717,,SURMODICS INC,SRDX
829224,,STARBUCKS CORP,SBUX
1126956,,SPIRE INC,SR
868611,,SONIC CORP,SONC
90168,,SIFCO INDUSTRIES INC,SIF
912603,,SCHNITZER STEEL INDUSTRIES INC,SCHN
1446152,,"SAUER ENERGY, INC.",SENYD
897723,,SANMINA CORP,SANM
812128,,SANDERSON FARMS INC,SAFM
1137411,,ROCKWELL COLLINS INC,COL
1687221,,"REV GROUP, INC.",REVG
1530950,,"POST HOLDINGS, INC.",POST
1482554,,"PHOTOAMIGO, INC.",PHGO
1567802,,"PERKINS OIL & GAS, INC.",OOIL
1504619,,PENNANTPARK FLOATING RATE CAPITAL LTD.,PFLT
276720,,PURE CYCLE CORP,PCYO
1006028,,"PURE BIOSCIENCE, INC.",PURE
812306,,PROCYON CORP,PCYN
2098,,ACME UNITED CORP,ACU
935036,,"ACI WORLDWIDE, INC.",ACIW
712034,,ACCO BRANDS CORP,ACCO
1280600,,ACCELERON PHARMA INC,XLRN
867665,,ABRAXAS PETROLEUM CORP,AXAS
706688,,AARON'S INC,AAN
1606180,,"AAC HOLDINGS, INC.",AAC
1453122,,"3DX INDUSTRIES, INC.",DDDX
910638,,3D SYSTEMS CORP,DDD
1459417,,"2U, INC.",TWOU
34782,,1ST SOURCE CORP,SRCE
1141807,,1ST CONSTITUTION BANCORP,FCCY
1059272,,"BEBE STORES, INC.",BEBE
1684508,,ZARTEX INC.,ZTRX
1039466,,XSUNX INC,XSNX
108312,,"WOODWARD, INC.",WWD
1553326,,"WESTBURY BANCORP, INC.",WBBW
104897,,"WSI INDUSTRIES, INC.",WSCI
105132,,WD 40 CO,WDFC
1660690,,"VERSUM MATERIALS, INC.",VSM
1681622,,VAREX IMAGING CORP,VREX
1074828,,VISUALANT INC,VSUL
1403161,,VISA INC.,VSAT
1312073,,"VERIFONE SYSTEMS, INC.",PAY
1674910,,VALVOLINE INC,VVV
717954,,UNIFIRST CORP,UNF
1045942,,"TRACK GROUP, INC.",TRCK
896262,,AMEDISYS INC,AMED
1269026,,AMEDICA CORP,AMDA
1280263,,AMBARELLA INC,AMBA
1018724,,AMAZON COM INC,AMZN
764180,,"ALTRIA GROUP, INC.",MO
899051,,ALLSTATE CORP,ALL
352541,,ALLIANT ENERGY CORP,LNT
66756,,ALLETE INC,ALE
1267602,,ALIMERA SCIENCES INC,ALIM
1097149,,ALIGN TECHNOLOGY INC,ALGN
3499,,ALEXANDERS INC,ALX
1322505,,"ALBIREO PHARMA, INC.",ALBO
915913,,ALBEMARLE CORP,ALB
766421,,"ALASKA AIR GROUP, INC.",ALK
897077,,ALAMO GROUP INC,ALG
3116,,AKORN INC,AKRX
918160,,AK STEEL HOLDING CORP,AKS
1641631,,"AIT THERAPEUTICS, INC.",AITB
1272842,,AIRGAIN INC,AIRG
1487712,,AIR LEASE CORP,AL
917251,,AGREE REALTY CORP,ADC
1423689,,AGNC INVESTMENT CORP.,AGNC
4977,,AFLAC INC,AFL
1372414,,"AEROHIVE NETWORKS, INC",HIVE
1036848,,AEROCENTURY CORP,ACY
738214,,"AEMETIS, INC",AMTX
2488,,ADVANCED MICRO DEVICES INC,AMD
1435049,,"ADURO BIOTECH, INC.",ADRO
1563568,,"ADOMANI, INC.",ADOM
796343,,ADOBE SYSTEMS INC,ADBE
1368514,,"ADMA BIOLOGICS, INC.",ADMA
1019695,,ARQULE INC,ARQL
916529,,AROTECH CORP,ARTX
7431,,ARMSTRONG WORLD INDUSTRIES INC,AWI
1287750,,ARES CAPITAL CORP,ARCC
1437402,,"ARDELYX, INC.",ARDX
1037676,,ARCH COAL INC,ARCH
1452872,,"ARC GROUP, INC.",ARCK
1013238,,ARADIGM CORP,ARDM
1316016,,AQUANTIA CORP,AQ
78128,,AQUA AMERICA INC,WTR
896622,,APTARGROUP INC,ATR
1433195,,APPFOLIO INC,APPF
6769,,APACHE CORP,APA
1016169,,"ANTARES PHARMA, INC.",ATRS
1013462,,ANSYS INC,ANSS
1507615,,ANDEAVOR LOGISTICS LP,ANDX
50104,,ANDEAVOR,ANDV
1370053,,ANAPTYSBIO INC,ANAB
6176,,AMPCO PITTSBURGH CORP,AP
1047127,,"AMKOR TECHNOLOGY, INC.",AMKR
1132651,,AMES NATIONAL CORP,ATLO
1018979,,AMERISAFE INC,AMSF
1455863,,AMERICOLD REALTY TRUST,COLD
4962,,AMERICAN EXPRESS CO,AXP
1468679,,AMERICAN CRYOSTEM CORP,CRYO
1675149,,ALCOA CORP,AA
1590496,,AERKOMM INC.,AKOM
353020,,AEGION CORP,AEGN
1585790,,"ADVANCED DISPOSAL SERVICES, INC.",ADSW
1673985,,ADVANSIX INC.,ASIX
1468328,,ADDUS HOMECARE CORP,ADUS
1672013,,ACUSHNET HOLDINGS CORP.,GOLF
1301501,,ACHAOGEN INC,AKAO
1069308,,ACER THERAPEUTICS INC.,ACER
1352952,,ACCELERIZE INC.,ACLZ
1551152,,ABBVIE INC.,ABBV
1051627,,AXT INC,AXTI
1069183,,"AXON ENTERPRISE, INC.",AAXN
8868,,AVON PRODUCTS INC,AVP
104918,,AVISTA CORP,AVA
1644963,,"AVENUE THERAPEUTICS, INC.",ATXI
39677,,"AV HOMES, INC.",AVHI
350698,,"AUTONATION, INC.",AN
1034670,,AUTOLIV INC,ALV
769397,,AUTODESK INC,ADSK
701288,,ATRION CORP,ATRI
1419242,,ATLANTIC POWER CORP,AT
1131096,,ATHENAHEALTH INC,ATHN
1690881,,"ASV HOLDINGS, INC.",ASV
884144,,ASURE SOFTWARE INC,ASUR
8063,,ASTRONICS CORP,ATRO
1267238,,ASSURANT INC,AIZ
1623925,,ANTERO MIDSTREAM GP LP,AMGP
1502152,,"ANGIOSOMA, INC.",SOAN
821026,,"ANDERSONS, INC.",ANDE
1521847,,AMPLIFY ENERGY CORP,AMPY
351569,,AMERIS BANCORP,ABCB
1544400,,AMERICAN OIL & GAS INC.,AOIX
1314223,,"AMBER ROAD, INC.",AMBR
40729,,ALLY FINANCIAL INC.,ALLY
9984,,BARNES GROUP INC,B
46195,,BANK OF HAWAII CORP,BOH
1169770,,"BANC OF CALIFORNIA, INC.",BANC
9389,,BALL CORP,BLL
9326,,BALCHEM CORP,BCPC
9092,,BADGER METER INC,BMI
805928,,"AXOGEN, INC.",AXGN
1506928,,AVINGER INC,AVGR
8818,,AVERY DENNISON CORP,AVY
1634997,,"AVANGRID, INC.",AGR
1023364,,"AUTOWEB, INC.",AUTO
1323885,,"ATRICURE, INC.",ATRC
1420520,,ATOMERA INC,ATOM
1300699,,"ATHENEX, INC.",ATNX
1646228,,AT HOME GROUP INC.,HOME
1604738,,ASHFORD INC.,AINC
1501697,,"ARSANIS, INC.",ASNS
1655075,,"ARMSTRONG FLOORING, INC.",AFI
1596532,,"ARISTA NETWORKS, INC.",ANET
4281,,ARCONIC INC.,ARNC
1558583,,ARCIMOTO INC,FUV
1389050,,"ARCHROCK, INC.",AROC
1603978,,"AQUABOUNTY TECHNOLOGIES, INC.",AQB
1621832,,"AQUA METALS, INC.",AQMS
1671584,,APTEVO THERAPEUTICS INC.,APVO
1251769,,"APOLLO ENDOSURGERY, INC.",APEN
805022,,"BUCKEYE PARTNERS, L.P.",BPL
802681,,BRYN MAWR BANK CORP,BMTC
14930,,BRUNSWICK CORP,BC
1109354,,BRUKER CORP,BRKR
79282,,"BROWN & BROWN, INC.",BRO
1120370,,"BROADWIND ENERGY, INC.",BWEN
1313275,,BRIGHTCOVE INC,BCOV
14177,,BRIDGFORD FOODS CORP,BRID
1708301,,BP MIDSTREAM PARTNERS LP,BPMP
906553,,BOYD GAMING CORP,BYD
719135,,BOVIE MEDICAL CORP,BVX
1494582,,BOSTON OMAHA CORP,BOMN
908255,,BORGWARNER INC,BWA
1169988,,BOINGO WIRELESS INC,WIFI
12927,,BOEING CO,BA
1483646,,"BLACKSTAR ENTERPRISE GROUP, INC.",BEGI
1666134,,"BLACKLINE, INC.",BL
1280058,,BLACKBAUD INC,BLKB
876343,,BIOTIME INC,BTX
1574774,,"BIOTELEMETRY, INC.",BEAT
811240,,"BIOLASE, INC",BIOL
1044378,,BIOCEPT INC,BIOC
1156388,,BIG 5 SPORTING GOODS CORP,BGFV
1474903,,"BG STAFFING, INC.",BGSF
863436,,BENCHMARK ELECTRONICS INC,BHE
11199,,BEMIS CO INC,BMS
913142,,BELDEN INC.,BDC
727273,,CADIZ INC,CDZI
858470,,CABOT OIL & GAS CORP,COG
1624322,,"BUSINESS FIRST BANCSHARES, INC.",BFST
1579298,,"BURLINGTON STORES, INC.",BURL
1509589,,"BONANZA CREEK ENERGY, INC.",BCEI
1630132,,"BOJANGLES', INC.",BOJA
1501268,,"BNET MEDIA GROUP, INC.",BNTT
1301787,,BLUELINX HOLDINGS INC.,BXC
1546417,,"BLOOMIN' BRANDS, INC.",BLMN
1364742,,BLACKROCK INC.,BLK
1627014,,"BLACK KNIGHT, INC.",BKI
1371128,,BIOSOLAR INC,BSRC
1014739,,"BIOSCRIP, INC.",BIOS
1534287,,BIOAMBER INC.,BIOAQ
1576169,,"BENEFITFOCUS,INC.",BNFT
1504008,,"BANKUNITED, INC.",BKU
1303942,,BANKFINANCIAL CORP,BFIN
1668340,,"BANCORP 34, INC.",BCTF
1065059,,CENTRUS ENERGY CORP,LEU
1070680,,CENTRAL FEDERAL CORP,CFBK
1071739,,CENTENE CORP,CNC
1473844,,"CBTX, INC.",CBTX
944148,,"CBIZ, INC.",CBZ
1175609,,"CAVIUM, INC.",CAVM
18230,,CATERPILLAR INC,CAT
1136174,,"CATASYS, INC.",CATS
1040593,,CARRIZO OIL & GAS INC,CRZO
1046568,,CAREER EDUCATION CORP,CECO
1544238,,"CARDAX, INC.",CDXI
1009672,,CARBO CERAMICS INC,CRR
1133869,,"CAPRICOR THERAPEUTICS, INC.",CAPR
1130889,,CANCER CAPITAL CORP,CNCL
750686,,CAMDEN NATIONAL CORP,CAC
1406666,,"CALIX, INC",CALX
764065,,CLEVELAND-CLIFFS INC.,CLF
827876,,"CLEANSPARK, INC.",CLSK
822818,,CLEAN HARBORS INC,CLH
352955,,"CKX LANDS, INC.",CKX
726854,,CITY HOLDING CO,CHCO
1073475,,CITIZENS FIRST CORP,CZFC
810958,,CITIZENS & NORTHERN CORP,CZNC
831001,,CITIGROUP INC,C
1171825,,CIT GROUP INC,CIT
1022505,,CIPHERLOC CORP,CLOK
716133,,CINCINNATI BELL INC,CBB
701221,,CIGNA CORP,CI
20212,,CHURCHILL DOWNS INC,CHDN
883943,,CHRISTOPHER & BANKS CORP,CBK
1043222,,CHINAWE COM INC,CHWE
1117480,,CHIMERIX INC,CMRX
897429,,CHICOS FAS INC,CHS
1339469,,"CHIASMA, INC",CHMA
1506492,,"CHF SOLUTIONS, INC.",CHFS
93410,,CHEVRON CORP,CVX
895126,,CHESAPEAKE ENERGY CORP,CHK
3570,,CHENIERE ENERGY INC,LNG
19584,,CHEMED CORP,CHE
1364954,,"CHEGG, INC",CHGG
1025771,,CHASE PACKAGING CORP,CPKA
892553,,CHART INDUSTRIES INC,GTLS
1015155,,CHARLES & COLVARD LTD,CTHR
1169652,,CHANNELADVISOR CORP,ECOM
1020214,,CERUS CORP,CERS
1050797,,COLUMBIA SPORTSWEAR CO,COLM
1284812,,COHEN & STEERS INC,CNS
851205,,COGNEX CORP,CGNX
1200375,,CODEXIS INC,CDXS
21344,,COCA COLA CO,KO
1070412,,CNX RESOURCES CORP,CNX
1610418,,CNX MIDSTREAM PARTNERS LP,CNXM
21175,,CNA FINANCIAL CORP,CNA
811156,,CMS ENERGY CORP,CMS
1156375,,CME GROUP INC.,CAMG
784199,,CRYOLIFE INC,CRY
1219601,,CROWN HOLDINGS INC,CCK
1051470,,CROWN CASTLE INTERNATIONAL CORP,CCI
881787,,CROSS TIMBERS ROYALTY TRUST,CRT
315958,,CREDITRISKMONITOR COM INC,CRMZ
1432939,,CREDEX CORP,CRDX
225648,,COVANTA HOLDING CORP,CVA
1057352,,COSTAR GROUP INC,CSGP
36047,,"CORELOGIC, INC.",CLGX
24491,,COOPER TIRE & RUBBER CO,CTB
1062047,,CONVERGYS CORP,CVG
1259515,,CONTROL4 CORP,CTRL
1478069,,CONTRAFECT CORP,CFRX
1071993,,CONTANGO OIL & GAS CO,MCF
1710366,,CONSOL ENERGY INC.,CEIX
1163165,,CONOCOPHILLIPS,COP
816956,,CONMED CORP,CNMD
1677703,,CONDUENT INC,CNDT
1158172,,"COMSCORE, INC.",SCOR
1217234,,"CAREDX, INC.",CDNA
1412270,,CARE.COM INC,CRCM
1666071,,"CARDLYTICS, INC.",CDLX
1340127,,CARBONITE INC,CARB
1709682,,CAPITOL INVESTMENT CORP. IV,CIC.U
1705843,,"CALYXT, INC.",CLXT
799698,,CYTRX CORP,CYTR
1061983,,CYTOKINETICS INC,CYTK
1011432,,"CYNERGISTEK, INC",CTEK
768411,,CYBEROPTICS CORP,CYBE
64803,,CVS HEALTH CORP,CVS
1376139,,CVR ENERGY INC,CVI
1510964,,"CV SCIENCES, INC.",CVSI
1162461,,CUTERA INC,CUTR
26324,,CURTISS WRIGHT CORP,CW
1108205,,CURIS INC,CRIS
1556226,,"CUR MEDIA, INC.",CURM
1058623,,CUMULUS MEDIA INC,CMLSQ
26172,,CUMMINS INC,CMI
891293,,CTI BIOPHARMA CORP,CTIC
215466,,"COEUR MINING, INC.",CDE
1412486,,"COCRYSTAL PHARMA, INC.",COCP
1585023,,"COASTWAY BANCORP, INC.",CWAY
1692415,,"CO-DIAGNOSTICS, INC.",CODX
1466301,,"CLOVIS ONCOLOGY, INC.",CLVS
1441236,,CLEARWATER PAPER CORP,CLW
1362516,,"CLEARTRONIC, INC.",CLRI
913277,,CLARUS CORP,CLAR
1593222,,"CITY OFFICE REIT, INC.",CIO
1353970,,CHINA XD PLASTICS CO LTD,CXDC
1041859,,"CHILDRENS PLACE, INC.",PLCE
1586554,,CHESS SUPERSITE CORP,CHZP
1517175,,"CHEFS' WAREHOUSE, INC.",CHEF
1346980,,"CHAPARRAL ENERGY, INC.",CHPE
1102266,,CENTERSTATE BANK CORP,CSFL
749647,,CELSION CORP,CLSN
1603454,,CELCUITY INC.,CELC
1333835,,CASA SYSTEMS INC,CASA
1094814,,"CARTESIAN, INC.",CRTN
927066,,DAVITA INC.,DVA
26780,,DANA INC,DAN
1175151,,CYTOSORBENTS CORP,CTSO
1553023,,CYRUSONE INC.,CONE
1587246,,"CYPRESS ENERGY PARTNERS, L.P.",CELP
1522787,,"CYBERFORT SOFTWARE, INC.",CYBFD
1488813,,"CUSTOMERS BANCORP, INC.",CUBI
1298675,,CUBESMART,CUBE
1124524,,"CRYOPORT, INC.",CYRX
1334036,,"CROCS, INC.",CROX
1075736,,"CREXENDO, INC.",CXDO
1385867,,COUPA SOFTWARE INC,COUP
1470205,,"COUNTY BANCORP, INC.",ICBK
1528557,,"CORINDUS VASCULAR ROBOTICS, INC.",CVRS
1490892,,CORESITE REALTY CORP,COR
1070985,,"CORECIVIC, INC.",CXW
1410098,,CORMEDIX INC.,CRMD
1305773,,CONFORMIS INC,CFMS
1120970,,COMSTOCK MINING INC.,LODE
1140102,,"COMMAND CENTER, INC.",CCNI
1420800,,COLFAX CORP,CFX
1438231,,DIGIMARC CORP,DMRC
1557883,,"DERMIRA, INC.",DERM
1714899,,DENALI THERAPEUTICS INC.,DNLI
1110607,,"DEEP DOWN, INC.",DPDW
1642453,,"DASEKE, INC.",DSKE
1401914,,"DARE BIOSCIENCE, INC.",DARE
826675,,DYNEX CAPITAL INC,DX
1082038,,DURECT CORP,DRRX
1357204,,"DUNKIN' BRANDS GROUP, INC.",DNKN
783280,,DUKE REALTY CORP,DRE
1042893,,DRIL-QUIP INC,DRQ
1017673,,DOVER MOTORSPORTS INC,DVD
29905,,DOVER CORP,DOV
1172358,,"DORCHESTER MINERALS, L.P.",DMLP
1286681,,DOMINOS PIZZA INC,DPZ
935703,,DOLLAR TREE INC,DLTR
29534,,DOLLAR GENERAL CORP,DG
34067,,DMC GLOBAL INC.,BOOM
29332,,DIXIE GROUP INC,DXYN
28917,,"DILLARD'S, INC.",DDS
707388,,DIGIRAD CORP,DRAD
1393883,,"DHI GROUP, INC.",DHX
1093557,,DEXCOM INC,DXCM
813298,,"DESTINATION XL GROUP, INC.",DXLG
1005201,,DEPOMED INC,DEPO
818479,,DENTSPLY SIRONA INC.,XRAY
852772,,DENNYS CORP,DENN
1337619,,"ENVESTNET, INC.",ENV
1109116,,ENTRAVISION COMMUNICATIONS CORP,EVC
1061219,,ENTERPRISE PRODUCTS PARTNERS L P,EPD
1101302,,ENTEGRIS INC,ENTG
1125376,,"ENSIGN GROUP, INC",ENSG
933738,,ENGLOBAL CORP,ENG
1385849,,ENERGY FUELS INC,UUUU
277595,,ENERGEN CORP,EGN
1235007,,ENDOCYTE INC,ECYT
850460,,ENCORE WIRE CORP,WIRE
1157806,,ENCANA CORP,ECA
895728,,ENBRIDGE INC,ENB
1494448,,"EMERGENT CAPITAL, INC.",EMGC
105634,,EMCOR GROUP INC,EME
1046995,,EMAGIN CORP,EMAN
1122388,,ELLIE MAE INC,ELLI
351789,,ELECTRO SENSORS INC,ELSE
31462,,ECOLAB INC.,ECL
31347,,ECHELON CORP,ELON
1099574,,EASTGATE BIOTECH CORP,ETBI
1050441,,EAGLE BANCORP INC,EGBN
1326160,,DUKE ENERGY CORP,DUK
1175483,,DRIVE SHACK INC.,DS
1666700,,DOWDUPONT INC.,DWDP
868780,,"DORMAN PRODUCTS, INC.",DORM
1381531,,DOMTAR CORP,UFS
33488,,ESCALADE INC,ESCA
1525221,,ERA GROUP INC.,ERA
1101239,,EQUINIX INC,EQIX
1632933,,"EQT GP HOLDINGS, LP",EQGP
1045450,,EPR PROPERTIES,EPR
1352010,,"EPAM SYSTEMS, INC.",EPAM
1161154,,"ENERGY TRANSFER PARTNERS, L.P.",ETP
1276187,,"ENERGY TRANSFER EQUITY, L.P.",ETE
1421517,,"ENERGY RECOVERY, INC.",ERII
1575793,,ENERGOUS CORP,WATT
785161,,ENCOMPASS HEALTH CORP,EHC
1591763,,"ENABLE MIDSTREAM PARTNERS, LP",ENBL
1379041,,"EMPLOYERS HOLDINGS, INC.",EIG
1555177,,EMERGE ENERGY SERVICES LP,EMES
1651094,,"ELEVATE CREDIT, INC.",ELVT
1590895,,"ELDORADO RESORTS, INC.",ERI
1586105,,EGALET CORP,EGLT
1650664,,"EDITAS MEDICINE, INC.",EDIT
1415404,,ECHOSTAR CORP,SATS
34088,,EXXON MOBIL CORP,XOM
851520,,EXPONENT INC,EXPO
1698530,,"EXICURE, INC.",EXCR
1109357,,EXELON CORP,EXC
939767,,"EXELIXIS, INC.",EXEL
316300,,EXCO RESOURCES INC,XCOOQ
1124140,,EXACT SCIENCES CORP,EXAS
1559865,,"EVERTEC, INC.",EVTC
72741,,EVERSOURCE ENERGY,ES
1437352,,"EVERBRIDGE, INC.",EVBG
842518,,EVANS BANCORP INC,EVBN
276283,,EVANS & SUTHERLAND COMPUTER CORP,ESCC
1029199,,EURONET WORLDWIDE INC,EEFT
355999,,ESSENDANT INC,ESND
36377,,"FIRST HAWAIIAN, INC.",FHB
1070296,,FIRST CAPITAL INC,FCAP
1366340,,"FINJAN HOLDINGS, INC.",FNJN
35527,,FIFTH THIRD BANCORP,FITB
921299,,FIBROGEN INC,FGEN
1012771,,FBL FINANCIAL GROUP INC,FFG
792966,,FARMERS & MERCHANTS BANCORP INC,FMAO
1085913,,FARMERS & MERCHANTS BANCORP,FMCB
1635881,,EXTERRAN CORP,EXTN
1532063,,EXPRESS SCRIPTS HOLDING CO.,ESRX
1297989,,"EXLSERVICE HOLDINGS, INC.",EXLS
1620179,,"EXELA TECHNOLOGIES, INC.",XELA
1634293,,"EXCEED WORLD, INC.",EXDW
1570562,,"EVOLUS, INC.",EOLS
1318568,,EVERI HOLDINGS INC.,EVRI
1571498,,"EPIZYME, INC.",EPZM
1592057,,"ENVIVA PARTNERS, LP",EVA
1678531,,ENVISION HEALTHCARE CORP,EVHC
319458,,ENSERVCO CORP,ENSV
700564,,FULTON FINANCIAL CORP,FULT
886128,,FUELCELL ENERGY INC,FCEL
846913,,"FUEL TECH, INC.",FTEK
887936,,FTI CONSULTING INC,FCN
1530249,,"FS BANCORP, INC.",FSBW
844059,,"FRP HOLDINGS, INC.",FRPH
831259,,FREEPORT-MCMORAN INC,FCX
38725,,FRANKLIN ELECTRIC CO INC,FELE
912728,,FORWARD AIR CORP,FWRD
1262039,,FORTINET INC,FTNT
1039399,,FORMFACTOR INC,FORM
1035976,,"FNCB BANCORP, INC.",FNCB
1124198,,FLUOR CORP,FLR
1162194,,FLUIDIGM CORP,FLDM
30625,,FLOWSERVE CORP,FLS
1128928,,FLOWERS FOODS INC,FLO
354908,,FLIR SYSTEMS INC,FLIR
1033012,,FLAGSTAR BANCORP INC,FBC
1177609,,"FIVE BELOW, INC",FIVE
1447599,,FITBIT INC,FIT
798354,,FISERV INC,FISV
1031296,,FIRSTENERGY CORP,FE
840489,,"FIRSTCASH, INC",FCFS
1274494,,"FIRST SOLAR, INC.",FSLR
33185,,EQUIFAX INC,EFX
1477009,,GENERAL CANNABIS CORP,CANN
749251,,GARTNER INC,IT
1699150,,"GARDNER DENVER HOLDINGS, INC.",GDI
39911,,GAP INC,GPS
1560241,,"G1 THERAPEUTICS, INC.",GTHX
1658304,,FUNDTHATCOMPANY,FNTT
1674930,,"FULGENT GENETICS, INC.",FLGT
1611647,,"FRESHPET, INC.",FRPT
883569,,"FOSSIL GROUP, INC.",FOSL
1429260,,"FORTRESS BIOTECH, INC.",FBIO
1659166,,FORTIVE CORP,FTV
1678463,,"FORTERRA, INC.",FRTA
1406587,,FORESTAR GROUP INC.,FOR
1397047,,"FLEXSHOPPER, INC.",FPAY
1615219,,"FLEX PHARMA, INC.",FLKS
1288847,,"FIVE9, INC.",FIVN
1562463,,FIRST INTERNET BANCORP,INBK
1413837,,FIRST FOUNDATION INC.,FFWM
1370880,,"FIREEYE, INC.",FEYE
821189,,EOG RESOURCES INC,EOG
1282977,,GREENHILL & CO INC,GHL
1143068,,GREAT PLAINS ENERGY INC,GXP
1661600,,GRCR PARTNERS INC,GRCR
43196,,GRAY TELEVISION INC,GTN
861459,,GRANITE CONSTRUCTION INC,GVA
42888,,GRACO INC,GGG
943861,,GOODRICH PETROLEUM CORP,GDP
886982,,GOLDMAN SACHS GROUP INC,GS
42316,,GOLDFIELD CORP,GV
1160791,,GOLD RESOURCE CORP,GORO
1253689,,GLYCOMIMETICS INC,GLYC
1366246,,GLU MOBILE INC,GLUU
1237831,,GLOBUS MEDICAL INC,GMED
1123360,,GLOBAL PAYMENTS INC,GPN
1323468,,GLOBAL PARTNERS LP,GLP
1533526,,"GLOBAL BRASS & COPPER HOLDINGS, INC.",BRSS
1192448,,GLAUKOS CORP,GKOS
1495240,,GLADSTONE LAND CORP,LAND
882095,,GILEAD SCIENCES INC,GILD
1245791,,"GI DYNAMICS, INC.",GIDYL
923796,,GEO GROUP INC,GEO
40987,,GENUINE PARTS CO,GPC
903129,,GENTHERM INC,THRM
355811,,GENTEX CORP,GNTX
1164863,,"ENPRO INDUSTRIES, INC",NPO
1490281,,"GROUPON, INC.",GRPN
1606363,,"GREEN BANCORP, INC.",GNBC
1181749,,"GRANITE FALLS ENERGY, LLC",GFGY
1572694,,"GOLDMAN SACHS BDC, INC.",GSBD
1500435,,"GOPRO, INC.",GPRO
1366868,,"GLOBALSTAR, INC.",GSAT
1526113,,"GLOBAL NET LEASE, INC.",GNL
832489,,"GEOVAX LABS, INC.",GOVX
1275229,,"GENERAL MOLY, INC",GMO
1443799,,"GENER8 MARITIME, INC.",GNRT
1635718,,"GANNETT CO., INC.",GCI
918580,,GAMING PARTNERS INTERNATIONAL CORP,GPIC
1574676,,"GALENFEHA, INC.",GLFH
1522690,,"GWG HOLDINGS, INC.",GWGH
912463,,GUESS INC,GES
1368757,,"GTJ REIT, INC.",GTTJ
109657,,"GT BIOPHARMA, INC.",GTBP
944480,,GSE SYSTEMS INC,GVP
906780,,EMPIRE RESORTS INC,NYNY
1128361,,HOPE BANCORP INC,HOPE
833795,,HOMEFED CORP,HOFD
354950,,HOME DEPOT INC,HD
1436425,,"HOME BANCORP, INC.",HBCP
1196501,,HMS HOLDINGS CORP,HMSY
921183,,HMN FINANCIAL INC,HMNF
1372299,,HISTOGENICS CORP,HSGX
1654588,,HIP CUISINE INC.,HIPC
1017480,,HIBBETT SPORTS INC,HIBB
4447,,HESS CORP,HES
1038133,,HESKA CORP,HSKA
1657853,,"HERTZ GLOBAL HOLDINGS, INC",HTZ
1364479,,HERC HOLDINGS INC,HRI
1000228,,HENRY SCHEIN INC,HSIC
946644,,HEMISPHERX BIOPHARMA INC,HEB
1476963,,"HEAT BIOLOGICS, INC.",HTBX
799233,,HEARTLAND EXPRESS INC,HTLD
1095565,,HEALTHSTREAM INC,HSTM
1428336,,HEALTHEQUITY INC,HQY
765880,,"HCP, INC.",HCP
1400810,,"HCI GROUP, INC.",HCI
860730,,"HCA HEALTHCARE, INC.",HCA
1006837,,"HC2 HOLDINGS, INC.",HCHC
46080,,HASBRO INC,HAS
45876,,HARSCO CORP,HSC
851310,,HARMONIC INC,HLIT
793952,,HARLEY DAVIDSON INC,HOG
313716,,HARDINGE INC,HDNG
722723,,"HANGER, INC.",HNGR
1057379,,"HACKETT GROUP, INC.",HCKT
1324410,,GUARANTY BANCORP,GBNK
49600,,EASTGROUP PROPERTIES INC,EGP
1289848,,HURON CONSULTING GROUP INC.,HURN
1307954,,HUNTSMAN CORP,HUN
1210708,,"HUDSON GLOBAL, INC.",HSON
1390162,,HOWARD BANCORP INC,HBMD
1356949,,HOUSTON WIRE & CABLE CO,HWCC
1610532,,"HORTONWORKS, INC.",HDP
1637655,,HORIZON GLOBAL CORP,HZN
1518715,,"HOMESTREET, INC.",HMST
48039,,HOLLYFRONTIER CORP,HFC
1265131,,HILLTOP HOLDINGS INC.,HTH
1661458,,"HIGHLANDS REIT, INC.",HHDS
1102358,,"HIGHCOM GLOBAL SECURITY, INC.",HCGS
849145,,HERITAGE GLOBAL INC.,HGBL
1280784,,"HERCULES CAPITAL, INC.",HTGC
1402453,,HER IMPORTS,HHER
1611277,,"HELIX TCS, INC.",HLIX
1359841,,HANESBRANDS INC.,HBI
49071,,HUMANA INC,HUM
1404655,,HUBSPOT INC,HUBS
48898,,HUBBELL INC,HUBB
1070750,,"HOST HOTELS & RESORTS, INC.",HST
49754,,"DINE BRANDS GLOBAL, INC.",DIN
742112,,INVACARE CORP,IVC
736012,,INTRUSION INC,INTZ
1356090,,INTREXON CORP,XON
1001902,,INTEVAC INC,IVAC
1036262,,INTEST CORP,INTT
1095277,,INTERSECTIONS INC,INTX
715787,,INTERFACE INC,TILE
822663,,INTER PARFUMS INC,IPAR
320340,,INTELLIGENT SYSTEMS CORP,INS
50863,,INTEL CORP,INTC
1145197,,INSULET CORP,PODD
1355754,,INSTRUCTURE INC,INST
1000753,,"INSPERITY, INC.",NSP
1104506,,INSMED INC,INSM
1529113,,INPIXON,INPX
1160958,,INPHI CORP,IPHI
1350381,,INNERWORKINGS INC,INWK
1138639,,INFINERA CORP,INFN
4187,,INDUSTRIAL SERVICES OF AMERICA INC,IDSA
776901,,INDEPENDENT BANK CORP,INDB
701869,,INDEPENDENCE HOLDING CO,IHC
879169,,INCYTE CORP,INCY
1364962,,IMPERVA INC,IMPV
855654,,IMMUNOGEN INC,IMGN
1058811,,IMMERSION CORP,IMMR
1110803,,ILLUMINA INC,ILMN
1434620,,"ILG, INC.",ILG
1083301,,IKONICS CORP,IKNX
857737,,"ICONIX BRAND GROUP, INC.",ICON
933141,,IBERIABANK CORP,IBKC
1020710,,DXP ENTERPRISES INC,DXPE
1084048,,"J2 GLOBAL, INC.",JCOM
1537528,,"J.E.M. CAPITAL, INC.",JEMC
1534154,,IPSIDY INC.,IDTY
1393020,,"INVUITY, INC.",IVTY
1501134,,INVITAE CORP,NVTA
1594012,,"INVESTORS BANCORP, INC.",ISBC
1421461,,"INTREPID POTASH, INC.",IPI
1271214,,"INTERSECT ENT, INC.",XENT
1056386,,INTERNAP CORP,INAP
1405495,,"INTERDIGITAL, INC.",IDCC
1040896,,"INTELLICHECK, INC.",IDN
1098880,,INTELGENX TECHNOLOGIES CORP.,IGXT
1114483,,INTEGER HOLDINGS CORP,ITGR
1580905,,"INSTALLED BUILDING PRODUCTS, INC.",IBP
1433607,,"INSPIREMD, INC.",NSPR
1294133,,INOGEN INC,INGN
1080014,,"INNOVIVA, INC.",INVA
1046257,,INGREDION INC,INGR
1506401,,"INFRAREIT, INC.",HIFR
1274032,,INFOSONICS CORP,IFON
1564618,,"INDEPENDENT BANK GROUP, INC.",IBTX
1657803,,INBIT CORP,INBT
1036044,,"IDENTIV, INC.",INVE
1095651,,ISTAR INC.,STAR
719209,,ISRAMCO INC,ISRL
1159167,,IROBOT CORP,IRBT
1006045,,IRIDEX CORP,IRIX
1325618,,IRADIMED CORP,IRMD
1478242,,IQVIA HOLDINGS INC.,IQV
1111928,,IPG PHOTONICS CORP,IPGP
1053374,,IPASS INC,IPAS
866609,,ION GEOPHYSICAL CORP,IO
1417926,,"INVO BIOSCIENCE, INC.",IVOB
1287213,,"DOUGLAS DYNAMICS, INC",PLOW
795266,,KB HOME,KBH
1325281,,KAPSTONE PAPER & PACKAGING CORP,KS
54381,,KAMAN CORP,KAMN
886346,,KADANT INC,KAI
1507986,,JETPAY CORP,JTPY
1579252,,"JASON INDUSTRIES, INC.",JASN
1685715,,JAGGED PEAK ENERGY INC.,JAG
1484949,,"JACKSONVILLE BANCORP, INC.",JXSB
1043604,,JUNIPER NETWORKS INC,JNPR
19617,,JPMORGAN CHASE & CO,JPM
1037976,,JONES LANG LASALLE INC,JLL
200406,,JOHNSON & JOHNSON,JNJ
1674335,,"JELD-WEN HOLDING, INC.",JELD
28823,,"DIEBOLD NIXDORF, INC",DBD
842162,,LEAR CORP,LEA
1509745,,"LEAP THERAPEUTICS, INC.",LPTX
763744,,LCI INDUSTRIES,LCII
1300514,,LAS VEGAS SANDS CORP,LVS
853816,,LANDSTAR SYSTEM INC,LSTR
799288,,"LANDS' END, INC.",LE
846901,,LAKELAND BANCORP INC,LBAI
1039101,,"L3 TECHNOLOGIES, INC.",LLL
701985,,"L BRANDS, INC.",LB
1422143,,"KURA ONCOLOGY, INC.",KURA
1711279,,"KRYSTAL BIOTECH, INC.",KRYS
1321646,,KRATON CORP,KRA
1687065,,KOKOS GROUP INC.,KOKG
1587523,,KNOWLES CORP,KN
1688476,,"KEANE GROUP, INC.",FRAC
1557142,,"KADMON HOLDINGS, INC.",KDMN
1257640,,KRONOS WORLDWIDE INC,KRO
771266,,KOPIN CORP,KOPN
1265572,,KONA GRILL INC,KONA
885639,,KOHLS CORP,KSS
1617898,,KLX INC.,KLXI
56047,,KIRBY CORP,KEX
1089531,,"KINGOLD JEWELRY, INC.",KGJI
1506307,,"KINDER MORGAN, INC.",KMI
879101,,KIMCO REALTY CORP,KIM
55785,,KIMBERLY CLARK CORP,KMB
930420,,KFORCE INC,KFRC
1487101,,KEYW HOLDING CORP,KEYW
1434647,,"KEMPHARM, INC",KMPH
860748,,KEMPER CORP,KMPR
1372807,,"KCAP FINANCIAL, INC.",KCAP
27996,,DELUXE CORP,DLX
1535955,,LIPOCINE INC.,LPCN
1434621,,"LENDINGTREE, INC.",TREE
1409970,,LENDINGCLUB CORP,LC
1528129,,"LAREDO PETROLEUM, INC.",LPI
1615346,,LANDMARK INFRASTRUCTURE PARTNERS LP,LMRK
1239819,,LUNA INNOVATIONS INC,LUNA
1033905,,LUMINEX CORP,LMNX
60714,,LSB INDUSTRIES INC,LXU
1006269,,LORAL SPACE & COMMUNICATIONS INC.,LORL
60086,,LOEWS CORP,L
936468,,LOCKHEED MARTIN CORP,LMT
1102993,,LIVEPERSON INC,LPSN
1045742,,LIVE VENTURES INC,LIVE
1512499,,"LINDBLAD EXPEDITIONS HOLDINGS, INC.",LIND
1437557,,"LILIS ENERGY, INC.",LLEX
1084554,,LIGHTBRIDGE CORP,LTBR
814586,,LIFEWAY FOODS INC,LWAY
874396,,"LIFETIME BRANDS, INC",LCUT
1301611,,"LIFEPOINT HEALTH, INC.",LPNT
944314,,"LIFE STORAGE, INC.",LSI
61004,,LGL GROUP INC,LGL
910108,,LEXINGTON REALTY TRUST,LXP
1643194,,"DD'S DELUXE ROD HOLDER, INC.",DDLX
64996,,MERCURY GENERAL CORP,MCY
1042729,,MERCANTILE BANK CORP,MBWM
1099590,,MERCADOLIBRE INC,MELI
893949,,"MEDNAX, INC.",MD
1226616,,MEDICINOVA INC,MNOV
63908,,MCDONALDS CORP,MCD
63754,,MCCORMICK & CO INC,MKC
814585,,MBIA INC,MBI
1617291,,MB BANCORP INC,MBCQ
1288469,,MAXLINEAR INC,MXL
1104657,,MATERION CORP,MTRN
15615,,MASTEC INC,MTZ
937556,,MASIMO CORP,MASI
1176334,,MARTIN MIDSTREAM PARTNERS LP,MMLP
1096343,,MARKEL CORP,MKL
1129155,,MARINE PRODUCTS CORP,MPX
62234,,MARCUS CORP,MCS
101778,,MARATHON OIL CORP,MRO
899460,,MANNKIND CORP,MNKD
1056358,,MANNATECH INC,MTEX
1126975,,MAGELLAN MIDSTREAM PARTNERS LP,MMP
19411,,MAGELLAN HEALTH INC,MGLN
1125345,,MACROGENICS INC,MGNX
1053584,,MACATAWA BANK CORP,MCBC
799292,,M I HOMES INC,MHO
1653558,,"M I ACQUISITIONS, INC.",MACQ
1475348,,LUTHER BURBANK CORP,LBC
1581720,,"LOXO ONCOLOGY, INC.",LOXO
1575975,,MADISON VENTURES INC.,MAVT
700923,,MYR GROUP INC.,MYRG
1369290,,MYOMO INC,MYO
927761,,MYMETICS CORP,MYMX
1277902,,MVB FINANCIAL CORP,MVBF
1363573,,"MV PORTFOLIOS, INC.",MVPI
1371782,,MV OIL TRUST,MVO
1680048,,"MUSTANG BIO, INC.",MBIO
1516973,,MTGE INVESTMENT CORP.,MTGE
1635261,,MSB FINANCIAL CORP,MSBF
66570,,MSA SAFETY INC,MSA
1439095,,MRC GLOBAL INC.,MRC
895421,,MORGAN STANLEY,MS
907242,,MONARCH CASINO & RESORT INC,MCRI
1179929,,MOLINA HEALTHCARE INC,MOH
1414953,,"MOJO ORGANICS, INC.",MOJO
1470099,,"MOBILEIRON, INC.",MOBL
911109,,MOBILE MINI INC,MINI
1170534,,MITEL NETWORKS CORP,MITL
1590750,,"MIRAGEN THERAPEUTICS, INC.",MGEN
1458962,,"MINDBODY, INC.",MB
745981,,MIDSOUTH BANCORP INC,MSL
836147,,MIDDLEFIELD BANC CORP,MBCN
769520,,MIDDLEBY CORP,MIDD
65770,,"MICROVISION, INC.",MVIS
1050446,,MICROSTRATEGY INC,MSTR
835011,,MGP INGREDIENTS INC,MGPI
876437,,MGIC INVESTMENT CORP,MTG
1161728,,MGE ENERGY INC,MGEE
1055160,,"MFA FINANCIAL, INC.",MFA
351998,,DATA I/O CORP,DAIO
1047335,,NATIONAL HEALTHCARE CORP,NHC
1120193,,"NASDAQ, INC.",NDAQ
704532,,NANOMETRICS INC,NANO
1211805,,"MY SIZE, INC.",MYSZ
1573516,,MURPHY USA INC.,MUSA
1516805,,"MOXIAN, INC.",MOXC
1686850,,"MOTUS GI HOLDINGS, INC.",MOTS
1289419,,"MORNINGSTAR, INC.",MORN
865752,,MONSTER BEVERAGE CORP,MNST
1659617,,"MOLECULIN BIOTECH, INC.",MBRX
1183765,,"MOLECULAR TEMPLATES, INC.",MTEM
1596967,,MOELIS & CO,MC
1113513,,"MOBILESMITH, INC.",MOST
890394,,"MOSYS, INC.",MOSY
1436126,,"MISTRAS GROUP, INC.",MG
833079,,MERITAGE HOMES CORP,MTH
1600125,,"MERIDIAN BANCORP, INC.",EBSB
310158,,"MERCK & CO., INC.",MRK
1629019,,MERCHANTS BANCORP,MBIN
1599117,,"MENTOR CAPITAL, INC.",MNTR
1566044,,MENLO THERAPEUTICS INC.,MNLO
1600890,,"MELROSE BANCORP, INC.",MELR
1601280,,"MEDIXALL GROUP, INC.",MDXL
1535079,,"MCORPCX, INC.",MCCX
314203,,MCEWEN MINING INC.,MUX
1353499,,MAX SOUND CORP,MAXD
1094348,,MATTERSIGHT CORP,MATR
3453,,"MATSON, INC.",MATX
1575189,,"MATCH GROUP, INC.",MTCH
1141391,,MASTERCARD INC,MA
1437226,,"MASTECH DIGITAL, INC.",MHH
1578732,,"MARCUS & MILLICHAP, INC.",MMI
1645460,,"CUE BIOPHARMA, INC.",CUE
1326706,,"NANOVIBRONIX, INC.",NAOV
1571636,,NANOFLEX POWER CORP,OPVS
1532961,,"NV5 GLOBAL, INC.",NVEE
1142596,,NUVASIVE INC,NUVA
73309,,NUCOR CORP,NUE
748592,,NTN BUZZTIME INC,NTN
1013871,,"NRG ENERGY, INC.",NRG
1000694,,NOVAVAX INC,NVAX
73088,,NORTHWESTERN CORP,NWE
1163370,,NORTHRIM BANCORP INC,NRIM
73124,,NORTHERN TRUST CORP,NTRS
1104485,,"NORTHERN OIL & GAS, INC.",NOG
722313,,NORTECH SYSTEMS INC,NSYS
702165,,NORFOLK SOUTHERN CORP,NSC
72333,,NORDSTROM INC,JWN
709005,,NOBLE ROMANS INC,NROM
72205,,NOBILITY HOMES INC,NOBH
72162,,NL INDUSTRIES INC,NL
1037016,,NII HOLDINGS INC,NIHD
1065332,,NIC INC,EGOV
1681206,,"NI HOLDINGS, INC.",NODK
753308,,NEXTERA ENERGY INC,NEE
1282637,,NEWMARKET CORP,NEU
1690680,,"NEWMARK GROUP, INC.",NMRK
1126234,,NEWLINK GENETICS CORP,NLNK
814453,,NEWELL BRANDS INC,NWL
71557,,NEW ULM TELECOM INC,NULM
1444380,,NEVRO CORP,NVRO
1122904,,"NETGEAR, INC",NTGR
1065280,,NETFLIX INC,NFLX
1196298,,NEPHROS INC,NEPH
1227025,,NEOPHOTONICS CORP,NPTN
1077183,,NEOGENOMICS INC,NEO
790359,,NBT BANCORP INC,NBTB
793547,,NAVIGATORS GROUP INC,NAVG
1019737,,NAVIGANT CONSULTING INC,NCI
1593538,,NAVIENT CORP,NAVI
1078207,,"NAUTILUS, INC.",NLS
878526,,NATUS MEDICAL INC,BABY
1401680,,CORNERSTONE ONDEMAND INC,CSOD
1487918,,OFS CAPITAL CORP,OFS
1030469,,OFG BANCORP,OFG
800240,,OFFICE DEPOT INC,ODP
873860,,OCWEN FINANCIAL CORP,OCN
350737,,OCEAN BIO CHEM INC,OBCI
1427570,,OBALON THERAPEUTICS INC,OBLN
1333170,,"NXSTAGE MEDICAL, INC.",NXTM
1223786,,"NUSTAR GP HOLDINGS, LLC",NSH
1592603,,"NULIFE SCIENCES, INC.",NULF
1473334,,"NOVA LIFESTYLE, INC.",NVFY
1493225,,"NORTHFIELD BANCORP, INC.",NFBK
1603145,,"NEXTERA ENERGY PARTNERS, LP",NEP
1080319,,"NEWGIOCO GROUP, INC.",NWGI
1574596,,NEW HOME CO INC.,NWHM
1513856,,"NEUROTROPE, INC.",NTRP
1289850,,"NEUROMETRIX, INC.",NURO
87050,,"NEONODE, INC",NEON
1516551,,"NEMUS BIOSCIENCE, INC.",NMUS
1296435,,NEENAH INC,NP
1377630,,"NATIONAL CINEMEDIA, INC.",NCMI
1604821,,"NATERA, INC.",NTRA
1326110,,"NANTKWEST, INC.",NK
1270436,,COHEN & CO INC.,COHN
75362,,PACCAR INC,PCAR
1370946,,OWENS CORNING,OC
1636651,,OVID THERAPEUTICS INC.,OVID
1466593,,OTTER TAIL CORP,OTTR
1675192,,OTTAWA BANCORP INC,OTTW
1460602,,ORGENESIS INC.,ORGS
1288855,,"OPTIMUMBANK HOLDINGS, INC.",OPHC
1448431,,OPTIMIZERX CORP,OPRXD
1494650,,"OPTINOSE, INC.",OPTN
944809,,"OPKO HEALTH, INC.",OPK
1712463,,ONE MADISON CORP,OMAD.U
1584137,,"ONCOLIX, INC.",ONCX
1420811,,"ON DECK CAPITAL, INC.",ONDK
1317945,,"OMEGA FLEX, INC.",OFLX
1717452,,"ODONATE THERAPEUTICS, INC.",ODT
1486159,,OASIS PETROLEUM INC.,OAS
1130713,,"OVERSTOCK.COM, INC",OSTK
1579877,,OUTFRONT MEDIA INC.,OUT
1493566,,"OTONOMY, INC.",OTIC
1425450,,ORTHOPEDIATRICS CORP,KIDS
866121,,"ORBITAL ATK, INC.",OA
1361983,,ORBCOMM INC.,ORBC
1174940,,ORAGENICS INC,OGEN
1293818,,OPGEN INC,OPGN
1587732,,"ONE GAS, INC.",OGS
1103640,,"OMPHALOS, CORP",OMPS
1090061,,OMNOVA SOLUTIONS INC,OMN
29989,,OMNICOM GROUP INC.,OMC
926326,,"OMNICELL, INC",OMCL
1285819,,OMEROS CORP,OMER
917470,,OLYMPIC STEEL INC,ZEUS
74303,,OLIN CORP,OLN
1253317,,OLD LINE BANCSHARES INC,OLBK
1649096,,CLIPPER REALTY INC.,CLPR
763901,,POPULAR INC,BPOP
1122976,,POLYONE CORP,POL
1108426,,PNM RESOURCES INC,PNM
1497504,,PLX PHARMA INC.,PLXP
1168455,,PLUMAS BANCORP,PLBC
1093691,,PLUG POWER INC,PLUG
1626115,,PJT PARTNERS INC.,PJT
1040161,,"PIXELWORKS, INC",PXLW
1564822,,PINNACLE FOODS INC.,PF
1572910,,PHILLIPS 66 PARTNERS LP,PSXP
1354327,,"PGT INNOVATIONS, INC.",PGTI
1095315,,PFSWEB INC,PFSW
78003,,PFIZER INC,PFE
872248,,PETROQUEST ENERGY INC,PQUE
31791,,PERKINELMER INC,PKI
1085869,,PERFICIENT INC,PRFT
77159,,PENN VIRGINIA CORP,PVAC
1013857,,PEGASYSTEMS INC,PEGA
1141197,,PEDEVCO CORP,PED
1064728,,PEABODY ENERGY CORP,BTU
882104,,"PDL BIOPHARMA, INC.",PDLI
1120914,,PDF SOLUTIONS INC,PDFS
937941,,"PCM, INC.",PCMI
1057083,,PC TEL INC,PCTI
1050377,,PC CONNECTION INC,CNXN
1624326,,PAVMED INC.,PAVM
889900,,PATTERSON UTI ENERGY INC,PTEN
225628,,"PASSUR AEROSPACE, INC.",PSSR
1315399,,"PARKE BANCORP, INC.",PKBK
1084384,,PARETEUM CORP,TEUM
708821,,PAR TECHNOLOGY CORP,PAR
1340652,,"CHEMOCENTRYX, INC.",CCXI
1304161,,"PHARMA-BIO SERV, INC.",PBSV
1478121,,PFENEX INC.,PFNX
1558465,,"PETROGRESS, INC.",PGAS
1321732,,PENUMBRA INC,PEN
1359555,,PENDRELL CORP,PCOA
1590955,,"PAYCOM SOFTWARE, INC.",PAYC
1633917,,"PAYPAL HOLDINGS, INC.",PYPL
1609065,,"PATHFINDER BANCORP, INC.",PBHC
1617406,,PARK HOTELS & RESORTS INC.,PK
1605607,,"PARAMOUNT GROUP, INC.",PGRE
1230276,,"PANDORA MEDIA, INC.",P
778164,,"PACIFIC ETHANOL, INC.",PEIX
806517,,PSYCHEMEDICS CORP,PMD
1212458,,PROOFPOINT INC,PFPT
1289636,,PROFIRE ENERGY INC,PFIE
1127703,,PROASSURANCE CORP,PRA
1007330,,"PRGX GLOBAL, INC.",PRGX
790179,,PRESTIGE CAPITAL CORP,PGEC
884905,,PRAXAIR INC,PX
1185348,,PRA GROUP INC,PRAA
1708035,,PQ GROUP HOLDINGS INC.,PQG
79879,,PPG INDUSTRIES INC,PPG
82166,,RAVEN INDUSTRIES INC,RAVN
315852,,RANGE RESOURCES CORP,RRC
917273,,RAMBUS INC,RMBS
873044,,RADISYS CORP,RSYS
890926,,RADIAN GROUP INC,RDN
1650445,,QUORUM HEALTH CORP,QHC
1503274,,QUANTERIX CORP,QTRX
1481792,,"QUAD/GRAPHICS, INC.",QUAD
1050915,,QUANTA SERVICES INC,PWR
1107843,,"QUALYS, INC.",QLYS
758938,,QUALSTAR CORP,QBAK
750558,,QNB CORP,QNBC
906465,,QCR HOLDINGS INC,QCRH
1410384,,"Q2 HOLDINGS, INC.",QTWO
1596062,,Q BIOMED INC.,QBIO
1575858,,PUREBASE CORP,PUBC
1521013,,"PULSE NETWORK, INC.",TPNI
1574235,,"PULMATRIX, INC.",PULM
1635840,,"PROVIDENT BANCORP, INC.",PVBC
1128189,,"PROTOKINETIX, INC.",PKTX
1443669,,PROTO LABS INC,PRLB
1622822,,"PROPEL MEDIA, INC.",PROM
1045609,,"PROLOGIS, INC.",PLD
1365101,,PRIMO WATER CORP,PRMW
1475922,,"PRIMERICA, INC.",PRI
1532619,,POWER REIT,PW
1358356,,"PORTER BANCORP, INC.",PBIB
1692412,,PLAYA HOTELS & RESORTS N.V.,PLYA
1593548,,"PLAYAGS, INC.",AGS
1482974,,"CARTER VALIDUS MISSION CRITICAL REIT, INC.",CZMR
85961,,RYDER SYSTEM INC,R
1100441,,"RTI SURGICAL, INC.",RTIX
1588216,,"RSP PERMIAN, INC.",RSPP
1509432,,RPX CORP,RPXC
742278,,RPC INC,RES
1351285,,ROSETTA STONE INC,RST
84839,,ROLLINS INC,ROL
84748,,ROGERS CORP,ROG
1041024,,"ROCKWELL MEDICAL, INC.",RMTI
1384195,,"RING ENERGY, INC.",REI
730272,,REPLIGEN CORP,RGEN
715072,,RENASANT CORP,RNST
2186,,RELM WIRELESS CORP,RWC
34285,,RELIABILITY INC,RLBY
1590877,,REGENXBIO INC.,RGNX
910606,,REGENCY CENTERS CORP,REG
82811,,REGAL BELOIT CORP,RBC
930236,,REDWOOD TRUST INC,RWT
1171759,,RED ROBIN GOURMET BURGERS INC,RRGB
726728,,REALTY INCOME CORP,O
1286225,,REALPAGE INC,RP
700841,,RCM TECHNOLOGIES INC,RCMT
1499422,,RBB BANCORP,RBB
754737,,SCANA CORP,SCG
1354174,,"SBT BANCORP, INC.",SBTB
907254,,SAUL CENTERS INC,BFS
1417663,,"SANUWAVE HEALTH, INC.",SNWV
824410,,SANDY SPRING BANCORP INC,SASR
892832,,SANDSTON CORP,SDON
1108524,,SALESFORCE COM INC,CRM
1481582,,RYERSON HOLDING CORP,RYI
1657249,,"ROAD MARSHALL, INC.",RDMR
1641601,,RIVER FINANCIAL CORP,RVRF
1635282,,"RIMINI STREET, INC.",RMNI
1162112,,"RIGNET, INC.",RNET
1438533,,"RETROPHIN, INC.",RTRX
1409269,,"RESTORATION ROBOTICS, INC.",HAIR
1618756,,RESTAURANT BRANDS INTERNATIONAL INC.,QSR
1579910,,RESONANT INC,RESN
1469510,,RESOLUTE ENERGY CORP,REN
1016708,,"RENOVACARE, INC.",RCAR
1606440,,"RELIANT BANCORP, INC.",RBNC
1412659,,"REGENICIN, INC.",RGIN
1589150,,REGEN BIOPHARMA INC,RGBP
1382821,,REDFIN CORP,RDFN
1588972,,"RECRO PHARMA, INC.",REPH
1560327,,"RAPID7, INC.",RPD
1667161,,"RANDOLPH BANCORP, INC.",RNDB
1428522,,"RADIUS HEALTH, INC.",RDUS
790526,,"RADNET, INC.",RDNT
1683606,,CARS.COM INC.,CARS
948708,,SMITH MICRO SOFTWARE INC,SMSI
1038773,,SMARTFINANCIAL INC.,SMBK
1040971,,SL GREEN REALTY CORP,SLG
793733,,SKYWEST INC,SKYW
1085277,,SKINVISIBLE INC,SKVI
766829,,SJW GROUP,SJW
1125920,,SHUTTERFLY INC,SFLY
1351636,,"SHOTSPOTTER, INC",SSTI
1035092,,SHORE BANCSHARES INC,SHBI
1023994,,"SG BLOCKS, INC.",SGBX
868271,,SEVERN BANCORP INC,SVBI
1123979,,SENOMYX INC,SNMX
88941,,SEMTECH CORP,SMTC
1032208,,SEMPRA ENERGY,SRE
1263762,,"SELECT BANCORP, INC.",SLCT
818677,,SECURITY FEDERAL CORP,SFDL
1310067,,SEARS HOLDINGS CORP,SHLD
1178253,,SCYNEXIS INC,SCYX
1276531,,SCIENTIFIC ENERGY INC,SCGY
1590717,,"CARETRUST REIT, INC.",CTRE
1473597,,"STR HOLDINGS, INC.",STRI
1538990,,STORE CAPITAL CORP,STOR
1043337,,STONERIDGE INC,SRI
720672,,STIFEL FINANCIAL CORP,SF
874238,,STERLING CONSTRUCTION CO INC,STRL
1070154,,STERLING BANCORP,STL
94049,,STEPAN CO,SCL
1022671,,STEEL DYNAMICS INC,STLD
93751,,STATE STREET CORP,STT
93556,,"STANLEY BLACK & DECKER, INC.",SWK
1082923,,STAMPS.COM INC,STMP
1413507,,SRC ENERGY INC.,SRCI
1353283,,SPLUNK INC,SPLK
12239,,SPHERIX INC,SPEX
743238,,SPARTAN MOTORS INC,SPAR
1059262,,SP PLUS CORP,SP
92122,,SOUTHERN CO,SO
764038,,SOUTH STATE CORP,SSB
823094,,SOTHEBYS,BID
812796,,"SOLIGENIX, INC.",SNGX
1104188,,SOHU COM INC,SOHU
944075,,"SOCKET MOBILE, INC.",SCKT
91440,,SNAP-ON INC,SNA
1632127,,"CABLE ONE, INC.",CABO
1477425,,"SENDGRID, INC.",SEND
1550737,,"SECTOR 5, INC.",SFIV
1160308,,SAVARA INC,SVRA
1362705,,SANCHEZ MIDSTREAM PARTNERS LP,SNMP
1688852,,"SAFETY, INCOME & GROWTH, INC.",SAFE
1597033,,SABRE CORP,SABR
945114,,SYSTEMAX INC,SYX
864240,,SYPRIS SOLUTIONS INC,SYPR
1040426,,SYNTEL INC,SYNT
1177394,,SYNNEX CORP,SNX
1527599,,"SYNLOGIC, INC.",SYBX
95953,,SYNALLOY CORP,SYNL
719739,,SVB FINANCIAL GROUP,SIVB
747540,,SURGE COMPONENTS INC,SPRS
1060409,,"SUNVESTA, INC.",SVSA
750556,,SUNTRUST BANKS INC,STI
867773,,SUNPOWER CORP,SPWR
1024795,,SUN HYDRAULICS CORP,SNHY
354647,,CVB FINANCIAL CORP,CVBF
351834,,SUNOPTA INC.,STKL
1029125,,"SUN BIOPHARMA, INC.",SNBP
1314772,,"SUMMER INFANT, INC.",SUMR
919175,,"SUGARMADE, INC.",SGMD
1680379,,"STERLING BANCORP, INC.",SBT
1289340,,"STEREOTAXIS, INC.",STXS
1368761,,"START SCIENTIFIC, INC.",STSC
1031029,,"STARTEK, INC.",SRT
1499717,,"STAFFING 360 SOLUTIONS, INC.",STAF
1575515,,"SPROUTS FARMERS MARKET, INC.",SFM
1289945,,"SPOK HOLDINGS, INC",SPOK
1498710,,"SPIRIT AIRLINES, INC.",SAVE
1591956,,SPHERE 3D CORP,ANY
1529628,,"SMART SAND, INC.",SND
827187,,SLEEP NUMBER CORP,SNBR
1236275,,"SILVERSUN TECHNOLOGIES, INC.",SSNT
1290149,,"SIERRA ONCOLOGY, INC.",SRRA
1551693,,"SIENTRA, INC.",SIEN
1549346,,"SHUTTERSTOCK, INC.",SSTK
1506439,,"SHARPSPRING, INC.",SHSP
1430723,,"SERVISFIRST BANCSHARES, INC.",SFBS
1373715,,"SERVICENOW, INC.",NOW
1648428,,"SEQUENTIAL BRANDS GROUP, INC.",SQBG
1494891,,"SENSUS HEALTHCARE, INC.",SRTS
1108967,,"CUI GLOBAL, INC.",CUI
320335,,TORCHMARK CORP,TMK
1005817,,TOMPKINS FINANCIAL CORP,TMP
314227,,"TOMI ENVIRONMENTAL SOLUTIONS, INC.",TOMZ
730349,,TOFUTTI BRANDS INC,TOFB
704415,,"TIVITY HEALTH, INC.",TVTY
1105705,,TIME WARNER INC.,TWX
1524025,,"TILLY'S, INC.",TLYS
98246,,TIFFANY & CO,TIF
1464963,,"THL CREDIT, INC.",TCRD
1080056,,"THESTREET, INC.",TST
1066684,,THEGLOBE COM INC,TGLO
217346,,TEXTRON INC,TXT
97476,,TEXAS INSTRUMENTS INC,TXN
1491576,,"TESARO, INC.",TSRO
97210,,"TERADYNE, INC",TER
1024725,,TENNECO INC,TEN
97134,,TENNANT CO,TNC
1001614,,TENGASCO INC,TGC
70318,,TENET HEALTHCARE CORP,THC
96943,,TELEFLEX INC,TFX
39899,,TEGNA INC,TGNA
1537435,,TECOGEN INC.,TGEN
790703,,TECH DATA CORP,TECD
1544206,,"TCG BDC, INC.",CGBD
814184,,TCF FINANCIAL CORP,TCF
27419,,TARGET CORP,TGT
884217,,TAILORED BRANDS INC,TLRD
1027838,,TACTILE SYSTEMS TECHNOLOGY INC,TCMD
1090396,,TABLE TRAC INC,TBTC
1492674,,"T2 BIOSYSTEMS, INC.",TTOO
1283699,,"T-MOBILE US, INC.",TMUS
1408278,,"SYNACOR, INC.",SYNC
1638833,,"SURGERY PARTNERS, INC.",SGRY
1104855,,"SUPPORT.COM, INC.",SPRT
1172631,,"SUNWORKS, INC.",SUNW
1005757,,CSG SYSTEMS INTERNATIONAL INC,CSGS
1419041,,TOCAGEN INC,TOCA
1598428,,TIMKENSTEEL CORP,TMST
25743,,"THERAPEUTICSMD, INC.",TXMD
1289460,,"TEXAS ROADHOUSE, INC.",TXRH
1318605,,"TESLA, INC.",TSLA
352998,,"TELIGENT, INC.",TLGT
1628104,,"TELEHEALTHCARE, INC.",TLLT
1375796,,"TELARIA, INC.",TLRA
1477449,,"TELADOC, INC.",TDOC
1534675,,TECNOGLASS INC.,TGLS
1293282,,TECHTARGET INC,TTGT
1299139,,TEARLAB CORP,TEAR
1303652,,TABLEAU SOFTWARE INC,DATA
1494413,,TWO HANDS CORP,TWOH
1418091,,"TWITTER, INC.",TWTR
77543,,TUTOR PERINI CORP,TPC
1116942,,TTM TECHNOLOGIES INC,TTMI
1013880,,"TTEC HOLDINGS, INC.",TTEC
36146,,TRUSTMARK CORP,TRMK
1371285,,TRUPANION INC.,TRUP
99771,,TRINITY CAPITAL CORP,TRIN
937098,,TRINET GROUP INC,TNET
864749,,TRIMBLE INC.,TRMB
842633,,TRIMAS CORP,TRS
1561680,,"TRI POINTE GROUP, INC.",TPH
1429560,,TREVENA INC,TRVN
850429,,TREDEGAR CORP,TG
1133311,,TRAVELZOO,TZOO
1378453,,TRAVELCENTERS OF AMERICA LLC,TA
876378,,TRANSENTERIX INC.,TRXC
1383394,,TRANSACT ENERGY CORP,TEGY
99106,,TRANS LUX CORP,TNLX
1641614,,CPI CARD GROUP INC.,PMTS
755001,,UNITIL CORP,UTL
101295,,UNITED GUARDIAN INC,UG
746838,,UNISYS CORP,UIS
100885,,UNION PACIFIC CORP,UNP
706863,,UNION BANKSHARES INC,UNB
1077771,,UMPQUA HOLDINGS CORP,UMPQ
101382,,UMB FINANCIAL CORP,UMBF
875657,,ULTRALIFE CORP,ULBI
914156,,UFP TECHNOLOGIES INC,UFPT
74208,,"UDR, INC.",UDR
1576778,,"UBL INTERACTIVE,INC.",UBLI
1378950,,"U.S. AUTO PARTS NETWORK, INC.",PRTS
1493761,,TURTLE BEACH CORP,HEAR
1290677,,"TURNING POINT BRANDS, INC.",TPB
1327318,,"TRUECAR, INC.",TRUE
768899,,"TRUEBLUE, INC.",TBI
1213037,,"TROVAGENE, INC.",TROV
1539638,,"TRIUMPH BANCORP, INC.",TBK
1580345,,TRIPLEPOINT VENTURE GROWTH BDC CORP.,TPVG
1526520,,"TRIPADVISOR, INC.",TRIP
1543418,,TRILOGY METALS INC.,TMQ
1320695,,"TREEHOUSE FOODS, INC.",THS
1424755,,TRAVELPORT WORLDWIDE LTD,TVPT
1552033,,TRANSUNION,TRU
1319229,,TRANSMONTAIGNE PARTNERS L.P.,TLP
751978,,VICOR CORP,VICR
819050,,VICAL INC,VICL
926617,,"VERMILLION, INC.",VRML
1166388,,VERINT SYSTEMS INC,VRNT
740260,,VENTAS INC,VTR
1096385,,VECTREN CORP,VVC
1361113,,VARONIS SYSTEMS INC,VRNS
1532383,,VANJIA CORP,VNJA
1583103,,VALERO ENERGY PARTNERS LP,VLP
103379,,V F CORP,VFC
1494319,,UNIVAR INC.,UNVR
1620280,,UNITI GROUP INC.,UNIT
1436161,,UNITED CANNABIS CORP,CNAB
883948,,UNION BANKSHARES CORP,UBSH
1515673,,ULTRAGENYX PHARMACEUTICAL INC.,RARE
898171,,UWHARRIE CAPITAL CORP,UWHR
883945,,USA TRUCK INC,USAK
742126,,"US ECOLOGY, INC.",ECOL
1375205,,UR-ENERGY INC,URG
315449,,UQM TECHNOLOGIES INC,UQM
1308208,,"UNIVERSAL LOGISTICS HOLDINGS, INC.",ULH
912767,,UNIVERSAL FOREST PRODUCTS INC,UFPI
732834,,"CONTINENTAL RESOURCES, INC",CTLR
793074,,WERNER ENTERPRISES INC,WERN
766704,,WELLTOWER INC.,WELL
105418,,WEIS MARKETS INC,WMK
783325,,"WEC ENERGY GROUP, INC.",WEC
1667944,,"WCF BANCORP, INC.",WCFB
105016,,WATSCO INC,WSO
823768,,WASTE MANAGEMENT INC,WM
1691303,,"WARRIOR MET COAL, INC.",HCC
1052100,,WADDELL & REED FINANCIAL INC,WDR
1025378,,W. P. CAREY INC.,WPC
1463972,,VUZIX CORP,VUZI
1568319,,VOLTARI CORP,VLTC
1410738,,VOIP-PAL.COM INC,VPLM
1607716,,"VIVINT SOLAR, INC.",VSLR
1360530,,"VITAMIN SHOPPE, INC.",VSI
1085243,,"VIRTRA, INC",VTSI
890447,,VERTEX ENERGY INC.,VTNR
1513818,,"VERSARTIS, INC.",VSAR
1599489,,VERITIV CORP,VRTV
1501570,,"VERITEX HOLDINGS, INC.",VBTX
1442145,,"VERISK ANALYTICS, INC.",VRSK
887359,,VERICEL CORP,VCEL
1526119,,"VERASTEM, INC.",VSTM
1601548,,"VECTRUS, INC.",VEC
1384072,,"VANGUARD NATURAL RESOURCES, INC.",VNRR
1424768,,VYCOR MEDICAL INC,VYCO
1272830,,VONAGE HOLDINGS CORP,VG
1124610,,"VMWARE, INC.",VMW
881524,,VIVUS INC,VVUS
879682,,"VIVEVE MEDICAL, INC.",VIVE
1111335,,VISTEON CORP,VC
783324,,VISTA GOLD CORP,VGZ
23111,,COMPUTER TASK GROUP INC,CTG
104169,,WALMART INC.,WMT
1361658,,WYNDHAM WORLDWIDE CORP,WYN
828944,,WSFS FINANCIAL CORP,WSFS
1518832,,"WPX ENERGY, INC.",WPX
1015328,,WINTRUST FINANCIAL CORP,WTFC
908315,,WINMARK CORP,WINA
719955,,WILLIAMS SONOMA INC,WSM
1034760,,WIDEPOINT CORP,WYY
106532,,WEYCO GROUP INC,WEYS
1363958,,"WESTERN CAPITAL RESOURCES, INC.",WCRS
1035983,,COMFORT SYSTEMS USA INC,FIX
72903,,XCEL ENERGY INC,XEL
1626878,,XBIOTECH INC.,XBIT
1533932,,"WORLDPAY, INC.",WP
1425287,,WORKHORSE GROUP INC.,WKHS
1218683,,"WIZE PHARMA, INC.",WIZP
1636222,,WINGSTOP INC.,WING
1647088,,WILLSCOT CORP,WSC
1701051,,"WIDEOPENWEST, INC.",WOW
1175535,,WHITESTONE REIT,WSR
100591,,ARGAN INC,AGX
1543739,,APT SYSTEMS INC,APTY
1365916,,"AMYRIS, INC.",AMRS
1648087,,AMERICAN REBEL HOLDINGS INC,AREB
890821,,"AMERI HOLDINGS, INC.",AMRH
855787,,ALPHA ENERGY INC,APHE
1300938,,"ABCO ENERGY, INC.",ABCE
867028,,"2050 MOTORS, INC.",ETFM
1627611,,12 RETECH CORP,RETC
1593195,,"TRONC, INC.",TRNC
1604950,,SCPHARMACEUTICALS INC.,SCPH
1720580,,"RESTORBIO, INC.",TORC
1600033,,"E.L.F. BEAUTY, INC.",ELF
1293971,,"BLUEBIRD BIO, INC.",BLUE
1339970,,ATYR PHARMA INC,LIFE
1403752,,ZYMEWORKS INC.,ZYME
1318008,,ZUMIEZ INC,ZUMZ
1587221,,ZOSANO PHARMA CORP,ZSAN
1555280,,ZOETIS INC.,ZTS
1594879,,"ZOE'S KITCHEN, INC.",ZOES
1101026,,"ZIVO BIOSCIENCE, INC.",ZIVO
1463172,,"ZENDESK, INC.",ZEN
846475,,ZYNEX INC,ZYXI
1375151,,"ZOGENIX, INC.",ZGNX
855612,,ZIX CORP,ZIXI
1131312,,ZION OIL & GAS INC,ZN
1646188,,ZEV VENTURES INC.,ZVVT
1374690,,"ZAFGEN, INC.",ZFGN
1614178,,"YEXT, INC.",YEXT
1311673,,"YACHT FINDERS, INC.",YTFD
1041061,,YUM BRANDS INC,YUM
1524472,,XYLEM INC.,XYL
1410428,,"XPRESSPA GROUP, INC.",XSPA
1690666,,XPERI CORP,XPER
1326732,,XENCOR INC,XNCR
1166003,,"XPO LOGISTICS, INC.",XPO
1062292,,XO GROUP INC.,XOXO
1088638,,"COCONNECT, INC.",MMND
1563665,,"BIOSTAGE, INC.",BSTG
1504167,,BIOPHARMX CORP,BPMX
1443863,,BIOCORRX INC.,BICX
1632121,,"BALANCE LABS, INC.",BLNC
885245,,BUCKLE INC,BKE
920448,,BROADVISION INC,BVSN
1590383,,"BIOHITECH GLOBAL, INC.",BHTG
768835,,BIG LOTS INC,BIG
886158,,BED BATH & BEYOND INC,BBBY
8146,,"ASTRONOVA, INC.",ALOT
1651992,,"APPSOFT TECHNOLOGIES, INC.",ASFT
8328,,"APPLIED MINERALS, INC.",AMNL
1085596,,"ANGIOGENEX, INC.",AGGX
1518461,,"AMPLITECH GROUP, INC.",AMPG
277905,,"AMERICAN RETAIL GROUP, INC.",ARGB
1590715,,AMERICAN RESOURCES CORP,AREC
1513965,,"AMERICAN MIDSTREAM PARTNERS, LP",AMID
1326190,,"ALTIMMUNE, INC.",ALT
1674227,,"ALLIANCE MMA, INC.",AMMA
1697412,,ALFACOURSE INC.,ALFC
1680966,,"AGORA HOLDINGS, INC.",AGHI
1698519,,ADVECO GROUP INC.,ADVV
869531,,ADVANTEGO CORP,ADGO
1342936,,"ADVANCED VOICE RECOGNITION SYSTEMS, INC",AVOI
1096950,,ACOLOGY INC.,ACOL
1492091,,AUSCRETE CORP,ASCK
1304409,,ATHENA SILVER CORP,AHNR
1590565,,"ASIA EQUITY EXCHANGE GROUP, INC.",AEEX
1419275,,"ASAP EXPO, INC.",ASAE
1113313,,ARVANA INC,AVNI
1441849,,CLOUD PEAK ENERGY INC.,CLD
1688126,,CRYPTO CO,CRCW
1619227,,"CLOUDWEB, INC.",CLOW
1535379,,"CLOUDERA, INC.",CLDR
1318484,,CITI TRENDS INC,CTRN
1534120,,CERECOR INC.,CERC
811222,,CARDIFF LEXINGTON CORP,CDIX
1632053,,"CANNABIS LEAF, INC.",PCFP
1509957,,"CANBIOLA, INC.",CANB
766792,,CVD EQUIPMENT CORP,CVV
922247,,CTD HOLDINGS INC,CTDH
1223389,,CONNS INC,CONN
840715,,CLEARONE INC,CLRO
844161,,CHEROKEE INC,CHKE
1170010,,CARMAX INC,KMX
1020186,,CAPITAL BEVERAGE CORP,CBEV
1417028,,CANNASYS INC,MJTK
1349929,,"CANCER GENETICS, INC",CGIX
14707,,CALERES INC,CAL
1419554,,BONE BIOLOGICS CORP,BBLG
877890,,CITRIX SYSTEMS INC,CTXS
1485074,,"FREEZE TAG, INC.",FRZT
1543652,,"FREE FLOW, INC.",FFLO
1434842,,FORBES ENERGY SERVICES LTD.,FLSS
1582919,,FLITWAYS TECHNOLOGY INC.,FTWS
1486640,,FLAGSHIP GLOBAL CORP,FGCN
1705012,,"FAT BRANDS, INC",FAT
724571,,FREDS INC,FRED
1590418,,FOCUS UNIVERSAL INC.,FCUV
925660,,FLEXPOINT SENSOR SYSTEMS INC,FLXT
1374328,,"FITLIFE BRANDS, INC.",FTLF
1089061,,FINDEX COM INC,FIND
711665,,FC GLOBAL REALTY INC,FCRE
922521,,FALCONSTOR SOFTWARE INC,FALC
774937,,EXELED HOLDINGS INC.,ELED
1552189,,"EXACTUS, INC.",EXDI
1463101,,"ENPHASE ENERGY, INC.",ENPH
1495536,,"ENER-CORE, INC.",ENCR
1483510,,"EXPRESS, INC.",EXPR
792935,,ETHEMA HEALTH CORP,GRST
1043894,,"ENVIRO TECHNOLOGIES, INC.",EVTN
1128353,,ENERTECK CORP,ETCK
887396,,EMPIRE PETROLEUM CORP,EMPR
1178377,,EMARINE GLOBAL INC.,EMRN
1402371,,"ELRAY RESOURCES, INC.",ELRA
1338929,,ECO TEK 360 INC,ECTX
1552743,,ECARD INC.,EVRT
1282224,,"DOLPHIN ENTERTAINMENT, INC.",DLPN
896985,,DESTINATION MATERNITY CORP,DEST
1419951,,DATA STORAGE CORP,DTST
1111741,,DYNARESOURCE INC,DYNR
1586372,,DTHERA SCIENCES,DTHR
1652561,,DSWISS INC,DQWS
1413909,,DSG GLOBAL INC.,DSGT
1420368,,DLT RESOLUTION INC.,DLTI
1592411,,DKG CAPITAL INC.,DKGH
1040719,,DITECH HOLDING CORP,DHCP
1342958,,DIGITAL ALLY INC,DGLY
945384,,CICERO INC,CICN
1281845,,INNOCAP INC,INNO
1416090,,INCEPTION MINING INC.,IMII
1205181,,IMAGING3 INC,IGNG
1288195,,IGS CAPITAL GROUP LTD,IGSC
1393540,,IGEN NETWORKS CORP,IGEN
1515139,,ICOX INNOVATIONS INC.,ICOX
1681903,,"ICC HOLDINGS, INC.",ICCH
1639068,,HUBILU VENTURE CORP,HBUV
1600347,,HOTAPP BLOCKCHAIN INC.,HTBC
842013,,HASH LABS INC.,HLAB
1551206,,HUNT MINING CORP,HMXZF
797564,,"HST GLOBAL, INC.",HSTC
741815,,HOOPER HOLMES INC,HPHW
1077688,,HOOKER FURNITURE CORP,HOFT
1402737,,HCI VIOCARE,VICA
1489588,,"GRATITUDE HEALTH, INC.",GRTD
1471781,,GOPHER PROTOCOL INC.,GOPH
1625095,,GLOBAL SMART CAPITAL CORP.,TDXP
1381435,,"GIGGLES N' HUGS, INC.",GIGL
1011395,,GEOSPATIAL CORP,GSPH
1595248,,"GENPREX, INC.",GNPX
13156,,"GALAXY GAMING, INC.",GLXZ
1375793,,GTX CORP,GTXO
1448558,,"GROW CONDOS, INC.",GRWC
1398529,,"GREENKRAFT, INC.",GKIT
1381240,,GREEN SPIRIT INDUSTRIES INC.,GSRX
1454742,,"GOOD GAMING, INC.",GMER
890066,,GLEN BURNIE BANCORP,GLBZ
1681556,,"GEX MANAGEMENT, INC.",GXXM
319016,,"FUSE MEDICAL, INC.",FZMD
19871,,CHICAGO RIVET & MACHINE CO,CVR
794367,,"MACY'S, INC.",M
723733,,"MULTI SOLUTIONS II, INC",MUSS
766404,,"MULTI SOFT II, INC",MSOF
1629665,,"MULLAN AGRITECH, INC.",MHDG
317340,,MIKROS SYSTEMS CORP,MKRS
65172,,MESABI TRUST,MSB
1438901,,"MEDCAREERS GROUP, INC.",MCGI
1569083,,"MAKINGORG, INC.",CQCQ
1353487,,MAGNEGAS CORP,MNGA
1515317,,MAGELLAN GOLD CORP,MAGE
1504678,,"LOOP INDUSTRIES, INC.",LOOP
1699683,,LONGFIN CORP,LFIN
1415332,,LITHIUM CORP,LTUM
1640384,,"LM FUNDING AMERICA, INC.",LMFA
93205,,"LIVING 3D HOLDINGS, INC.",LTDH
1510247,,LIFEAPPS BRANDS INC.,LFAP
1530746,,"KAYA HOLDINGS, INC.",KAYS
1056285,,"KIRKLAND'S, INC",KIRK
1585608,,"JAGUAR HEALTH, INC.",JAGX
1555995,,JOBLOCATIONMAP INC,JBCT
1687932,,"J.JILL, INC.",JILL
719494,,"INRAD OPTICS, INC.",INRD
1572565,,INDOOR HARVEST CORP,INQD
948320,,"IMMUDYNE, INC.",IMMD
1507957,,IDEAL POWER INC.,IPWR
887596,,CHEESECAKE FACTORY INC,CAKE
1580485,,"NODECHAIN, INC.",NODC
1644482,,"NEW BANCORP, INC.",NWBB
1357459,,"NEURALSTEM, INC.",CUR
1499961,,"NET ELEMENT, INC.",NETE
1563463,,NUTRAFUELS INC,NTFU
1119643,,NUTRA PHARMA CORP,NPHC
1416172,,NEXEON MEDSYSTEMS INC,NXNN
1448056,,"NEW RELIC, INC.",NEWR
934796,,NETWORK CN INC,NWCN
1383097,,NAKED BRAND GROUP INC.,NAKD
1582341,,"MYDX, INC.",MYDX
1415684,,MUSCLEPHARM CORP,MSLP
883975,,MICROBOT MEDICAL INC.,MBOT
1589149,,"MASSROOTS, INC.",MSRT
1520528,,"REAC GROUP, INC.",REAC
1665598,,"RC-1, INC.",RCCC
278165,,"QUEST SOLUTION, INC.",QUES
1549631,,"QUARTA-RAD, INC.",QURT
824416,,QUEST PATENT RESEARCH CORP,QPRC
820608,,QUANTRX BIOMEDICAL CORP,QTXB
1103795,,"QS ENERGY, INC.",QSEP
1310527,,Q2EARTH INC.,QPWR
1530981,,PROBILITY MEDIA CORP,PBYA
1043961,,"PRECIPIO, INC.",PRPO
1622345,,"POLAR POWER, INC.",POLA
1514183,,"POINT CAPITAL, INC.",PTCI
1381105,,"PLASTIC2OIL, INC.",PTOI
1660839,,PHOENIX APPS INC.,PXPP
1368637,,PETROLIA ENERGY CORP,BBLS
1603494,,"PEERLOGIX, INC.",LOGX
1501257,,"PURA NATURALS, INC.",PNAT
56868,,PRIMEENERGY CORP,PNRG
933972,,"POWERVERDE, INC.",PWVI
1347022,,POSITIVEID CORP,PSID
1703489,,PDL COMMUNITY BANCORP,PDLB
76149,,PARADISE INC,PARF
1358190,,ORIENT PAPER INC.,ONP
1058307,,ORBITAL TRACKING CORP.,TRKK
225211,,"ONE HORIZON GROUP, INC.",OHGI
1642380,,ONCOCYTE CORP,OCX
1419793,,"ORIGINCLEAR, INC.",OCLN
1098996,,ORANCO INC,ORNC
1628228,,"OPTILEAF, INC.",OPLF
1034592,,OMNICOMM SYSTEMS INC,OMCM
1314196,,"OLB GROUP, INC.",OLBG
1566826,,"NXT-ID, INC.",NXTD
1091596,,"NUO THERAPEUTICS, INC.",AURX
1543637,,"NU-MED PLUS, INC.",NUMD
1388180,,NOVUS ROBOTICS INC.,NRBT
1697851,,"NOVUME SOLUTIONS, INC.",NVMM
1425173,,NOVAGEN INGENIUM INC.,NOVZ
18926,,"CENTURYLINK, INC",CTL
1434477,,"SUNVALLEY SOLAR, INC.",SSOL
53320,,STRATEGIC INTERNET INVESTMENTS INC,SIII
1555972,,STERLING CONSOLIDATED CORP,STCC
884940,,STEIN MART INC,SMRT
1050825,,STEELCASE INC,SCS
6885,,STAGE STORES INC,SSI
1716188,,"SSB BANCORP, INC.",SSBP
1403802,,"SPINDLE, INC.",SPDL
1004989,,SPAR GROUP INC,SGRP
714284,,SORL AUTO PARTS INC,SORL
788611,,"SIGMA LABS, INC.",SGLB
895447,,SHOE CARNIVAL INC,SCVL
1548309,,"SEARS HOMETOWN & OUTLET STORES, INC.",SHOS
1167419,,"RIOT BLOCKCHAIN, INC.",RIOT
1439288,,REXNORD CORP,RXN
849636,,RESPIRERX PHARMACEUTICALS INC.,RSPI
931059,,"RENNOVA HEALTH, INC.",RNVA
1642159,,REIGN SAPPHIRE CORP,RGNP
1052595,,RED LION HOTELS CORP,RLH
1484769,,"RECALL STUDIOS, INC.",BTOP
1532158,,"REBEL GROUP, INC.",REBL
745732,,ROSS STORES INC,ROST
1659559,,RIZZEN INC.,RZZN
84129,,RITE AID CORP,RAD
1397516,,REX ENERGY CORP,REXX
1368365,,"REMARK HOLDINGS, INC.",MARK
1140215,,"REED'S, INC.",REED
721447,,CCA INDUSTRIES INC,CAW
1102432,,"VIKING ENERGY GROUP, INC.",VKIN
1270200,,VIASPACE INC.,VSPC
1100644,,VALIDIAN CORP,VLDI
1403568,,"ULTA BEAUTY, INC.",ULTA
912615,,URBAN OUTFITTERS INC,URBN
100716,,UNICO AMERICAN CORP,UNAM
1388319,,"U.S. STEM CELL, INC.",USRM
1409171,,TITAN MACHINERY INC.,TITN
1554875,,"TINTRI, INC.",TNTR
1386018,,"TIGER OIL & ENERGY, INC.",TGRO
1524872,,THUNDER ENERGIES CORP,TNRG
1302946,,TWO RIVERS WATER & FARMING CO,TURV
1658605,,TRON GROUP INC.,TGRP
1349437,,TOWERSTREAM CORP,TWER
320121,,TELOS CORP,TU
1094084,,TELKONET INC,TKOI
1389067,,TAUTACHROME INC.,TTCM
1482541,,SURNA INC.,SRNA
1392694,,"SURGE HOLDINGS, INC.",SURG
1171838,,"SUNDANCE STRATEGIES, INC.",SUND
1701108,,"SPERO THERAPEUTICS, INC.",SPRO
1687505,,SINORAMA CORP,SNNN
1488419,,"SINO AGRO FOOD, INC.",SIAF
815097,,CARNIVAL CORP,CCL
820081,,CAMBREX CORP,CBM
1117733,,CAFEPRESS INC.,PRSS
911148,,CADUS CORP,KDUS
1316835,,"BUILDERS FIRSTSOURCE, INC.",BLDR
925741,,"BIOCARDIA, INC.",BCDA
1702750,,"BYLINE BANCORP, INC.",BY
1486957,,"BWX TECHNOLOGIES, INC.",BWXT
1522420,,"BSB BANCORP, INC.",BLMT
846617,,BRIDGE BANCORP INC,BDGE
1068875,,"BLUCORA, INC.",BCOR
875045,,BIOGEN INC.,BIIB
1228454,,BCB BANCORP INC,BCBP
946673,,BANNER CORP,BANR
1604191,,"AZURRX BIOPHARMA, INC.",AZRX
1461755,,"ATLANTIC CAPITAL BANCSHARES, INC.",ACBI
1447028,,ARBUTUS BIOPHARMA CORP,ABUS
1156039,,"ANTHEM, INC.",ANTM
1598968,,ANTERO MIDSTREAM PARTNERS LP,AM
1405660,,ALTERNATIVE INVESTMENT CORP,AIKO
1545654,,"ALEXANDER & BALDWIN, INC.",ALEX
1578620,,ALCENTRA CAPITAL CORP,ABDC
718877,,"ACTIVISION BLIZZARD, INC.",ATVI
896841,,"AVID TECHNOLOGY, INC.",AVID
1565228,,"XG TECHNOLOGY, INC.",XGTI
1271075,,"USELL.COM, INC.",USEL
894871,,"THEMAVEN, INC.",MVEN
1566610,,"NFUSZ, INC.",FUSZ
727634,,ISIGN SOLUTIONS INC.,ISGN
1479681,,"IGAMBIT, INC.",IGMB
1021435,,HOPTO INC.,HPTO
1023298,,ALPHA-EN CORP,ALPE
1458581,,"ZENOSENSE, INC.",ZENO
1386026,,"ZENERGY BRANDS, INC.",ZNGY
1672326,,"YUMA ENERGY, INC.",YUMA
1076784,,"YOSEN GROUP, INC.",YOSN
1703497,,"YOGAWORKS, INC.",YOGA
1717556,,"XSPAND PRODUCTS LAB, INC.",XSPL
743988,,XILINX INC,XLNX
1162896,,"WIZARD WORLD, INC.",WIZD
1412347,,"WESTMORELAND RESOURCE PARTNERS, LP",WMLP
1621906,,WESTERN URANIUM CORP,WSTRF
1961,,WORLDS INC,WDDD
1335112,,"WEYLAND TECH, INC.",WEYL
1551906,,WEST COAST VENTURES GROUP CORP.,WCVC
1636509,,"VITALIBIS, INC.",VCBD
1616318,,VISTA OUTDOOR INC.,VSTO
797542,,"VIRTUAL CRYPTO TECHNOLOGIES, INC.",VRCP
1641751,,VET ONLINE SUPPLY INC,VTNL
1104038,,"VERIFYME, INC.",VRME
1495320,,"VERA BRADLEY, INC.",VRA
1449349,,VIVOS INC,RDGL
1075857,,VIEW SYSTEMS INC,VSYM
748268,,TIMEFIREVR INC.,TFVR
34956,,"TENAX THERAPEUTICS, INC.",TENX
1492915,,STANDARD AVB FINANCIAL CORP.,STND
95521,,SUPERVALU INC,SVU
1043156,,STAR BUFFET INC,STRZ
1426506,,SMG INDUSTRIES INC.,SMGI
1572384,,"RESORT SAVERS, INC.",RSSV
1512074,,RMG NETWORKS HOLDING CORP,RMGN
1087423,,RED HAT INC,RHT
1101433,,QUOTEMEDIA INC,QMCI
1295947,,"PRESTIGE BRANDS HOLDINGS, INC.",PBH
1468780,,POWIN ENERGY CORP,PWON
1138476,,PACIFIC HEALTH CARE ORGANIZATION INC,PFHO
1676047,,NUTRIBAND INC.,NTRB
1503707,,"NORTHSTAR HEALTHCARE INCOME, INC.",NHHS
1082027,,NORTHSTAR ELECTRONICS INC,NEIK
1211211,,MEDIAN GROUP INC,CHMD
737207,,"MARINA BIOTECH, INC.",MRNA
1522767,,MARIMED INC.,MRMD
1604930,,"LIFE CLIPS, INC.",LCLP
1597892,,JRSIS HEALTH CARE CORP,JRSS
1455926,,IRONCLAD ENCRYPTION CORP,IRNC
1081745,,"INTELLINETICS, INC.",INLX
1290658,,"IIOT-OXYS, INC.",ITOX
1680139,,HEALTHLYNKED CORP,HLYK
1676580,,H/CELL ENERGY CORP,HCCC
1030749,,GULFMARK OFFSHORE INC,GLF
18498,,GENESCO INC,GCO
1414043,,"FRIENDABLE, INC.",FDBL
1122063,,"FTE NETWORKS, INC.",FTNW
316736,,FIELDPOINT PETROLEUM CORP,FPPP
878932,,"EQUUS TOTAL RETURN, INC.",EQS
1518336,,DREAM HOMES & DEVELOPMENT CORP.,DREM
896493,,"DPW HOLDINGS, INC.",DPW
1627606,,DAVIDSTEA INC.,DTEA
1125699,,DAIS ANALYTIC CORP,DLYT
1360442,,"CANNABIS SATIVA, INC.",CBDS
918543,,CASTLE GROUP INC,CAGU
1540684,,"BRAZIL MINERALS, INC.",BMIX
1490161,,"BLACK RIDGE OIL & GAS, INC.",ANFC
1567900,,BLACKBOXSTOCKS INC.,BLBX
1681282,,ANVIA HOLDINGS CORP,ANVV
1616736,,ALPHA INVESTMENT INC.,ALPC
1405858,,"ABTECH HOLDINGS, INC.",ABHD
1533106,,"ARGENTUM 47, INC.",ARGQ
1040850,,"AGRITEK HOLDINGS, INC.",AGTK
1333493,,"EHEALTH, INC.",EHTH
1279620,,"ZONED PROPERTIES, INC.",ZDPY
1107421,,ZIOPHARM ONCOLOGY INC,ZIOP
716006,,YRC WORLDWIDE INC.,YRCW
108772,,XEROX CORP,XRX
1083220,,"XCEL BRANDS, INC.",XELB
1370450,,"WILLDAN GROUP, INC.",WLDN
1650962,,"WELBILT, INC.",WBT
1497770,,"WALKER & DUNLOP, INC.",WD
1255474,,WHITING PETROLEUM CORP,WLL
203596,,WESBANCO INC,WSBC
1095291,,"WEB.COM GROUP, INC.",WEB
1535929,,"VOYA FINANCIAL, INC.",VOYA
1615165,,"VERITONE, INC.",VERI
1455819,,"VAPE HOLDINGS, INC.",VAPE
1280776,,VITAL THERAPIES INC,VTL
700764,,VICTORY ENERGY CORP,VYEY
1507385,,"VEREIT, INC.",VER
1505155,,"UPLAND SOFTWARE, INC.",UPLD
1381871,,"US HIGHLAND, INC.",UHLN
101984,,UNIVERSAL ELECTRONICS INC,UEIC
1022646,,ULTRA PETROLEUM CORP,UPL
1567503,,"TURNKEY CAPITAL, INC.",TKCI
1421907,,TRIDENT BRANDS INC,TDNT
1633931,,TOPBUILD CORP,BLD
1476150,,TERRENO REALTY CORP,TRNO
1639874,,"TECH CENTRAL, INC.",TCHC
1382574,,"TRXADE GROUP, INC.",TRXD
356171,,TRICO BANCSHARES /,TCBK
1092289,,TRANSATLANTIC PETROLEUM LTD.,TAT
1455684,,"TPI COMPOSITES, INC",TPIC
842295,,TOR MINERALS INTERNATIONAL INC,TORM
1176373,,TIER REIT INC,TIER
97216,,TEREX CORP,TEX
96869,,TEJON RANCH CO,TRC
1094038,,TAPIMMUNE INC.,TPIV
1527590,,SUTHERLAND ASSET MANAGEMENT CORP,SLD
1469367,,SUNRUN INC.,RUN
1514705,,"SUNCOKE ENERGY, INC.",SXC
1539850,,"STARCO BRANDS, INC.",STCB
1563407,,"SMART & FINAL STORES, INC.",SFS
837852,,"SEVEN STARS CLOUD GROUP, INC.",SSC
1680378,,"SENESTECH, INC.",SNES
1528837,,SANCHEZ ENERGY CORP,SN
1089907,,SWK HOLDINGS CORP,SWKH
310764,,STRYKER CORP,SYK
885508,,STRATUS PROPERTIES INC,STRS
861878,,STERICYCLE INC,SRCL
1641991,,"SPX FLOW, INC.",FLOW
1563855,,SOPHIRIS BIO INC.,SPHS
924719,,SMITH MIDLAND CORP,SMID
1096934,,SITESTAR CORP,SYTE
89089,,SERVICE CORP INTERNATIONAL,SCI
750004,,SCIENTIFIC GAMES CORP,SGMS
1055454,,SCHOOL SPECIALTY INC,SCOO
1349436,,SANDRIDGE ENERGY INC,SD
1620928,,RICE MIDSTREAM PARTNERS LP,RMP
1608430,,"RENEWABLE ENERGY & POWER, INC.",RBNW
1481512,,"RA PHARMACEUTICALS, INC.",RARX
1595974,,"RUBICON PROJECT, INC.",RUBI
895456,,"ROCKY BRANDS, INC.",RCKY
861884,,RELIANCE STEEL & ALUMINUM CO,RS
1046327,,REALNETWORKS INC,RNWK
52827,,RAYONIER INC,RYN
1472595,,R1 RCM INC.,RCM
1108827,,"QEP RESOURCES, INC.",QEP
1393311,,PUBLIC STORAGE,PSA
868278,,"PROPHASE LABS, INC.",PRPH
1534701,,PHILLIPS 66,PSX
1355839,,"PEERSTREAM, INC.",PEER
1070081,,"PTC THERAPEUTICS, INC.",PTCT
80035,,PREFORMED LINE PRODUCTS CO,PLPC
1195734,,POTBELLY CORP,PBPB
1076682,,"POLARITYTE, INC.",COOL
802481,,PILGRIMS PRIDE CORP,PPC
77476,,PEPSICO INC,PEP
77877,,"PDC ENERGY, INC.",PDCE
914139,,PARKERVISION INC,PRKR
1102112,,PACWEST BANCORP,PACW
1544227,,"OVASCIENCE, INC.",OVAS
1584207,,"ONEMAIN HOLDINGS, INC.",OMF
1652133,,OASIS MIDSTREAM PARTNERS LP,OMP
1097864,,ON SEMICONDUCTOR CORP,ON
357173,,OLD SECOND BANCORP INC,OSBC
1297704,,OHA INVESTMENT CORP,OHAI
1648893,,NUVECTRA CORP,NVTR
1474464,,"NEW YORK REIT, INC.",NYRT
1520566,,NATIONSTAR MORTGAGE HOLDINGS INC.,NSM
1566469,,"NANTHEALTH, INC.",NH
1045810,,NVIDIA CORP,NVDA
827809,,NOVELION THERAPEUTICS INC.,NVLN
72207,,NOBLE ENERGY INC,NBL
1213660,,NF ENERGY SAVING CORP,NFEC
1282631,,NETLIST INC,NLST
1692427,,"NCS MULTISTAGE HOLDINGS, INC.",NCSM
70487,,NATIONAL RESEARCH CORP,NRC
1552451,,MYOKARDIA INC,MYOK
1441816,,"MONGODB, INC.",MDB
1476034,,METROPOLITAN BANK HOLDING CORP.,MCB
1668397,,"MEDPACE HOLDINGS, INC.",MEDP
1670349,,MATLIN & PARTNERS ACQUISITION CORP,MPACU
1524223,,"MANNING & NAPIER, INC.",MN
1099941,,"MVC CAPITAL, INC.",MVC
1285785,,MOSAIC CO,MOS
1049502,,MKS INSTRUMENTS INC,MKSI
879635,,MID PENN BANCORP INC,MPB
1099219,,METLIFE INC,MET
910329,,MEDIFAST INC,MED
63330,,MAUI LAND & PINEAPPLE CO INC,MLP
1389002,,MARIN SOFTWARE INC,MRIN
924901,,MACK CALI REALTY CORP,CLI
1420302,,"LOGMEIN, INC.",LOGM
1325964,,"LIGHTWAVE LOGIC, INC.",LWLG
887905,,LTC PROPERTIES INC,LTC
1326428,,"LINN ENERGY, INC.",LNGG
1580670,,"LGI HOMES, INC.",LGIH
1158895,,LEMAITRE VASCULAR INC,LMAT
58492,,LEGGETT & PLATT INC,LEG
1141688,,LANDMARK BANCORP INC,LARK
1614466,,KIBUSH CAPITAL CORP,DLCR
1011570,,KNOLL INC,KNL
1025996,,KILROY REALTY CORP,KRC
1357615,,"KBR, INC.",KBR
1640455,,"JOUNCE THERAPEUTICS, INC.",JNCE
1158463,,JETBLUE AIRWAYS CORP,JBLU
1316898,,"JAMBA, INC.",JMBA
1617227,,"J. ALEXANDER'S HOLDINGS, INC.",JAX
1054102,,"INTERPACE DIAGNOSTICS GROUP, INC.",IDXG
1653477,,INGEVITY CORP,NGVT
843006,,ISSUER DIRECT CORP,ISDR
1425205,,"IOVANCE BIOTHERAPEUTICS, INC.",IOVA
720858,,INVESTORS TITLE CO,ITIC
88790,,INTRICON CORP,IIN
1270073,,INTERCEPT PHARMACEUTICALS INC,ICPT
1054905,,INNOSPEC INC.,IOSP
1114995,,IMPINJ INC,PI
1057877,,IDACORP INC,IDA
1468174,,HYATT HOTELS CORP,H
1498828,,HOWARD HUGHES CORP,HHC
1585689,,HILTON WORLDWIDE HOLDINGS INC.,HLT
1606498,,"HALYARD HEALTH, INC.",HYH
1041550,,HOPFED BANCORP INC,HFBC
1331520,,HOME BANCSHARES INC,HOMB
797465,,"HG HOLDINGS, INC.",STLY
1066605,,HEIDRICK & STRUGGLES INTERNATIONAL INC,HSII
45919,,HARTE HANKS INC,HHS
1282648,,HALCON RESOURCES CORP,HK
1594109,,GRUBHUB INC.,GRUB
1309402,,GREEN PLAINS INC.,GPRE
1629137,,"GLOBAL BLOOD THERAPEUTICS, INC.",GBT
874499,,GULFPORT ENERGY CORP,GPOR
1161582,,"GROWLIFE, INC.",PHOT
70415,,GP STRATEGIES CORP,GPX
746210,,"GLOWPOINT, INC.",GLOW
868671,,GLACIER BANCORP INC,GBCI
1131324,,GENOMIC HEALTH INC,GHDX
40545,,GENERAL ELECTRIC CO,GE
1326200,,GENCO SHIPPING & TRADING LTD,GNK
1590364,,FORTRESS TRANSPORTATION & INFRASTRUCTURE INVESTORS LLC,FTAI
1648903,,"FIRST FOODS GROUP, INC.",FIFG
1698022,,"FARMERS & MERCHANTS BANCSHARES, INC.",FMBN
1667939,,"FSB BANCORP, INC.",FSBC
850209,,"FOOT LOCKER, INC.",FL
1159281,,FIVE STAR SENIOR LIVING INC.,FVE
712534,,FIRST MERCHANTS CORP,FRME
737875,,FIRST KEYSTONE CORP,FKYS
1649749,,FB FINANCIAL CORP,FBK
1403708,,EVOKE PHARMA INC,EVOK
1404973,,"ENERGY XXI GULF COAST, INC.",EGC
1392902,,"ENDURANCE EXPLORATION GROUP, INC.",EXPL
1426945,,"ECHO GLOBAL LOGISTICS, INC.",ECHO
1438423,,EVERSPIN TECHNOLOGIES INC,MRAM
1488039,,ATOSSA GENETICS INC,ATOS
1145986,,ASPEN AEROGELS INC,ASPN
717538,,ARROW FINANCIAL CORP,AROW
907654,,"ARCA BIOPHARMA, INC.",ABIO
1433270,,ANTERO RESOURCES CORP,AR
318154,,AMGEN INC,AMGN
1002910,,AMEREN CORP,AEE
20639,,AMBASE CORP,ABCP
825313,,ALLIANCEBERNSTEIN HOLDING L.P.,AB
1662524,,"AKCEA THERAPEUTICS, INC.",AKCA
1098972,,AGENUS INC,AGEN
926282,,ADTRAN INC,ADTN
880984,,"ACORN ENERGY, INC.",ACFN
1607450,,"ABV CONSULTING, INC.",ABVN
1347858,,"22ND CENTURY GROUP, INC.",XXII
1103601,,WGL HOLDINGS INC,WGL
1334933,,URANIUM ENERGY CORP,UEC
1133798,,"TX HOLDINGS, INC.",TXHG
1580883,,"SWEEGEN, INC.",SWEE
1333822,,SEMILEDS CORP,LEDS
1023459,,SIMULATIONS PLUS INC,SLP
1069533,,RGC RESOURCES INC,RGCO
1578776,,"PRUDENTIAL BANCORP, INC.",PBIP
1041803,,PRICESMART INC,PSMT
1620749,,PANAMERA HEALTHCARE CORP,PNHT
1074871,,"MODULAR MEDICAL, INC.",MODD
807863,,MITEK SYSTEMS INC,MITK
1644903,,"LEVEL BRANDS, INC.",LEVB
56978,,KULICKE & SOFFA INDUSTRIES INC,KLIC
1028215,,KMG CHEMICALS INC,KMG
1528308,,"IONIX TECHNOLOGY, INC.",IINX
46765,,"HELMERICH & PAYNE, INC.",HP
1609472,,GH CAPITAL INC.,GHHC
1602813,,FRONTERA GROUP INC.,FRTG
1622231,,EMERALD DATA INC,EMRD
808326,,EMCORE CORP,EMKR
792130,,DATAWATCH CORP,DWCH
1502557,,"CX NETWORK GROUP, INC.",CXKJ
1016178,,CARVER BANCORP INC,CARV
14846,,BRT APARTMENTS CORP.,BRT
1378992,,BERRY GLOBAL GROUP INC,BERY
10795,,BECTON DICKINSON & CO,BDX
1325740,,"ADVANCED BIOENERGY, LLC",ABENU
6281,,ANALOG DEVICES INC,ADI
1599407,1847 HOLDINGS LLC,1847 HOLDINGS LLC,EFSH
1639691,LIVANOVA PLC,LIVANOVA PLC,LIVN
1692819,VISTRA ENERGY CORP.,VISTRA ENERGY CORP.,VST
1382231,FORTEM RESOURCES INC.,FORTEM RESOURCES INC.,FTMR
1681459,TECHNIPFMC PLC,TECHNIPFMC PLC,FTI
704051,LEGG MASON INC.,"LEGG MASON, INC.",LM
1596993,DORIAN LPG LTD.,DORIAN LPG LTD.,LPG
1352081,CARDINAL ETHANOL LLC,CARDINAL ETHANOL LLC,CRDE
1157817,SITO MOBILE LTD.,"SITO MOBILE, LTD.",SITO
1418100,AVAYA HOLDINGS CORP.,AVAYA HOLDINGS CORP.,AVYA
1376339,MIMEDX GROUP INC.,"MIMEDX GROUP, INC.",MDXG
1498301,ASCENA RETAIL GROUP INC.,"ASCENA RETAIL GROUP, INC.",ASNA
1607962,REWALK ROBOTICS LTD.,REWALK ROBOTICS LTD.,RWLK
1303313,LHC GROUP,"LHC GROUP, INC",LHCG
317788,DIGITAL TURBINE INC.,"DIGITAL TURBINE, INC.",APPS
1602078,NEMAURA MEDICAL INC.,NEMAURA MEDICAL INC.,NMRD
1633978,LUMENTUM HOLDINGS INC.,LUMENTUM HOLDINGS INC.,LITE
785557,DLH HOLDINGS CORP.,DLH HOLDINGS CORP.,DLHC
908598,ATRM HOLDINGS INC.,"ATRM HOLDINGS, INC.",ATRM
1424864,RISE GOLD CORP.,RISE GOLD CORP.,RYES
1609702,CDK GLOBAL INC.,"CDK GLOBAL, INC.",CDK
1720893,BIOXCEL THERAPEUTICS INC.,"BIOXCEL THERAPEUTICS, INC.",BTAI
1503985,ORANGEHOOK INC.,"ORANGEHOOK, INC.",ORHK
858877,CISCO SYSTEMS INC.,"CISCO SYSTEMS, INC.",CSCO
1509991,KOSMOS ENERGY LTD.,KOSMOS ENERGY LTD.,KOS
1528930,LIBERTY TAX INC.,"LIBERTY TAX, INC.",TAX
1629261,LONG BLOCKCHAIN CORP.,LONG BLOCKCHAIN CORP.,LBCC
1679082,MYOVANT SCIENCES LTD.,MYOVANT SCIENCES LTD.,MYOV
1521036,LANTHEUS HOLDINGS,"LANTHEUS HOLDINGS, INC.",LNTH
72444,VAXART INC.,"VAXART, INC.",VXRT
1626853,MAJESCO,MAJESCO,MJCO
1724670,PERSPECTA INC.,PERSPECTA INC.,PRSP
704562,AVID BIOSERVICES INC.,"AVID BIOSERVICES, INC.",CDMO
1372183,MONAKER GROUP INC.,"MONAKER GROUP, INC.",MKGI
1630212,AVALON GLOBOCARE CORP.,AVALON GLOBOCARE CORP.,AVCO
1713683,ZSCALER INC.,"ZSCALER, INC.",ZS
1604778,QORVO INC.,"QORVO, INC.",QRVO
1342219,KREIDO BIOFUELS INC.,"KREIDO BIOFUELS, INC.",KRBF
1597846,GREENPRO CAPITAL CORP.,GREENPRO CAPITAL CORP.,GRNQ
1365038,LEAF GROUP LTD.,LEAF GROUP LTD.,LFGR
1630113,BIOTRICITY INC.,BIOTRICITY INC.,BTCY
1636050,AXOVANT SCIENCES LTD.,AXOVANT SCIENCES LTD.,AXON
1546679,MOBETIZE CORP.,"MOBETIZE, CORP.",MPAY
1528396,GUIDEWIRE SOFTWARE INC.,"GUIDEWIRE SOFTWARE, INC.",GWRE
1304492,PDVWIRELESS INC.,"PDVWIRELESS, INC.",PDVW
1509470,GSV CAPITAL CORP.,GSV CAPITAL CORP.,GSVC
1579010,LIFE ON EARTH INC.,"LIFE ON EARTH, INC.",LFER
1625288,INTIVA BIOPHARMA INC.,INTIVA BIOPHARMA INC.,NTVA
1302350,JMP GROUP LLC,JMP GROUP LLC,JMP
1328237,INVESCO DB COMMODITY INDEX TRACKING FUND,INVESCO DB COMMODITY INDEX TRACKING FUND,DBC
1605997,NORTHERN POWER SYSTEMS,NORTHERN POWER SYSTEMS CORP.,NPS
749038,CCUR HOLDINGS INC.,"CCUR HOLDINGS, INC.",CCUR
1711269,EVERGY INC.,"EVERGY, INC.",EVRG
1422059,LANS HOLDINGS INC.,"LANS HOLDINGS, INC.",LAHO
1262104,MEI PHARMA INC.,"MEI PHARMA, INC.",MEIP
1722684,WYNDHAM HOTELS & RESORTS INC.,"WYNDHAM HOTELS & RESORTS, INC.",WH
1578932,OCI PARTNERS LP,OCI PARTNERS LP,OCIP
1724965,TALOS ENERGY INC.,TALOS ENERGY INC.,TALO
1124796,NLIGHT INC.,"NLIGHT, INC.",LASR
1504461,NGL ENERGY PARTNERS LP,NGL ENERGY PARTNERS LP,NGL
949721,ATTIS INDUSTRIES INC.,ATTIS INDUSTRIES INC.,ATIS
1485003,SESEN BIO INC.,"SESEN BIO, INC.",SESN
1561622,STAFFING GROUP LTD.,"STAFFING GROUP, LTD.",TSGL
913241,STEVEN MADDEN LTD.,"STEVEN MADDEN, LTD.",SHOO
1289496,CBA FLORIDA INC.,"CBA FLORIDA, INC.",CBAI
1514743,IF BANCORP INC.,"IF BANCORP, INC.",IROQ
1324424,EXPEDIA GROUP INC.,"EXPEDIA GROUP, INC.",EXPE
1701756,MUSCLE MAKER,"MUSCLE MAKER, INC.",MMB
